/m/02ghq	/people/person/profession	/m/0t6hk
/m/026w_gk	/people/person/profession	/m/09jwl
/m/0mm1q	/people/person/profession	/m/05dtwm
/m/04zkj5	/people/person/profession	/m/05z96
/m/04ddm4	/location/location/people_born_here	/m/01jz6x
/m/02vwckw	/people/person/profession	/m/07_pf
/m/03f0r5w	/people/person/profession	/m/016z4k
/m/05znbh7	/location/location/people_born_here	/m/0kjrx
/m/0ccvx	/location/location/people_born_here	/m/02l3_5
/m/01n8gr	/people/person/profession	/m/0fdpd
/m/0b7xl8	/people/person/profession	/m/07l50_1
/m/015pxr	/people/person/profession	/m/02hrh1q
/m/01trf3	/people/person/profession	/m/014kg4
/m/0xhmb	/location/location/people_born_here	/m/045gzq
/m/0m68w	/people/person/profession	/m/03vpf_
/m/045g4l	/people/person/profession	/m/081yw
/m/029h45	/people/person/profession	/m/01wdtv
/m/0299ct	/people/person/profession	/m/02hrh1q
/m/090gpr	/people/person/profession	/m/010r6f
/m/0136kr	/people/person/profession	/m/016z4k
/m/02lvfq	/people/person/profession	/m/01c72t
/m/01v5h	/people/person/profession	/m/01wj17
/m/0czkbt	/location/location/people_born_here	/m/04bbv7
/m/01kwld	/people/person/profession	/m/02hrh1q
/m/02s58t	/people/person/profession	/m/0dxtg
/m/03rqww	/people/person/profession	/m/017g21
/m/01f08r	/people/person/profession	/m/0n1h
/m/0fg6k	/location/location/people_born_here	/m/0m4yg
/m/0phx4	/people/person/profession	/m/0dxtg
/m/0cq806	/location/location/people_born_here	/m/04jb97
/m/0ywrc	/people/person/profession	/m/0dxtg
/m/0r3tq	/people/person/profession	/m/03gjzk
/m/0qx1w	/people/person/profession	/m/0dz3r
/m/01rhrd	/people/person/profession	/m/0dxtg
/m/025x7g_	/people/person/profession	/m/02hrh1q
/m/0l8g0	/people/person/profession	/m/02ynfr
/m/09jd9	/people/person/profession	/m/0r679
/m/011w4n	/cvg/computer_videogame/cvg_genre	/m/021bp2
/m/04s430	/people/person/profession	/m/01730d
/m/05c0jwl	/location/location/people_born_here	/m/05183k
/m/021mkg	/people/person/profession	/m/0np9r
/m/0165v	/location/location/people_born_here	/m/01ttg5
/m/0jpy_	/location/location/people_born_here	/m/02lfcm
/m/0678gl	/location/location/people_born_here	/m/04t38b
/m/078sj4	/people/person/profession	/m/01d_h8
/m/03wh8pq	/people/person/profession	/m/037c9s
/m/054fvj	/people/person/profession	/m/0nbcg
/m/010xjr	/people/person/profession	/m/03xq0f
/m/01bpnd	/people/person/profession	/m/01sbf2
/m/0f447	/people/person/profession	/m/0cbd2
/m/0kr5_	/people/person/profession	/m/02jknp
/m/03c7ln	/people/person/profession	/m/0z1vw
/m/0d5_f	/location/location/people_born_here	/m/014gf8
/m/027f7dj	/people/person/profession	/m/01x8cn
/m/034hck	/people/person/profession	/m/0cbd2
/m/0ftfw	/people/person/profession	/m/0fnpj
/m/0k_q_	/location/location/people_born_here	/m/03y0pn
/m/0l2hf	/people/person/profession	/m/02hrh1q
/m/016nvh	/people/person/profession	/m/0993r
/m/04l3_z	/people/person/profession	/m/01vt9p3
/m/060bp	/people/person/profession	/m/02hrh1q
/m/0gd5z	/people/person/profession	/m/0cvkv5
/m/018phr	/people/person/profession	/m/01msrb
/m/034hck	/people/person/profession	/m/07x_h
/m/06rq2l	/people/person/profession	/m/01w565
/m/0dq9wx	/people/person/profession	/m/02q_cc
/m/0pgjm	/people/person/profession	/m/0fvyz
/m/0d6d2	/people/person/profession	/m/03ynwqj
/m/0kcc7	/people/person/profession	/m/018gz8
/m/02cl1	/location/location/people_born_here	/m/011hdn
/m/01vl17	/people/person/profession	/m/018t8f
/m/059f4	/people/person/profession	/m/04gc2
/m/02stbw	/location/location/people_born_here	/m/0436zq
/m/0cbkc	/people/person/profession	/m/015h31
/m/02z5x7l	/people/person/profession	/m/01d_h8
/m/01_0f7	/people/person/profession	/m/0dgd_
/m/017hnw	/people/person/profession	/m/02hrh1q
/m/017zq0	/people/person/profession	/m/0nbcg
/m/01hdht	/people/person/profession	/m/01m1_d
/m/01_x6v	/people/person/profession	/m/0cf0s
/m/0r172	/people/person/profession	/m/0kyk
/m/0hkqn	/people/person/profession	/m/02hrh1q
/m/044bn	/people/person/profession	/m/0gjcrrw
/m/0kh6b	/people/person/profession	/m/0fby2t
/m/081lh	/people/person/profession	/m/01tdnyh
/m/0cvw9	/location/location/people_born_here	/m/0dlm_
/m/01qh7	/location/location/people_born_here	/m/04h68j
/m/052hl	/people/person/profession	/m/0cht6
/m/0ckcvk	/people/person/profession	/m/0ps8c
/m/0dlv0	/location/location/people_born_here	/m/02psqkz
/m/03ng8q	/people/person/profession	/m/02hrh1q
/m/05mlqj	/people/person/profession	/m/04wv_
/m/049qx	/people/person/profession	/m/026c0p
/m/05pzdk	/people/person/profession	/m/02_33l
/m/06wjf	/location/location/people_born_here	/m/0g7k2g
/m/01q_ph	/people/person/profession	/m/030155
/m/02sqkh	/location/location/people_born_here	/m/0d810y
/m/033db3	/people/person/profession	/m/0443xn
/m/01llj3	/location/location/people_born_here	/m/0yyg4
/m/0cgfb	/people/person/profession	/m/05zjd
/m/069_0y	/people/person/profession	/m/07g7h2
/m/04chyn	/location/location/people_born_here	/m/02184q
/m/01wbsdz	/people/person/profession	/m/01jz6d
/m/0k345	/location/location/people_born_here	/m/0pyww
/m/04shbh	/people/person/profession	/m/047cqr
/m/01wmgrf	/people/person/profession	/m/034n2g
/m/0dj5q	/people/person/profession	/m/03k7bd
/m/03tc5p	/location/location/people_born_here	/m/0gyy0
/m/01h910	/people/person/profession	/m/0c34mt
/m/06r3p2	/people/person/profession	/m/01d_h8
/m/0h336	/people/person/profession	/m/02581q
/m/01qdjm	/people/person/profession	/m/0hzc9wc
/m/0h0yt	/people/person/profession	/m/024lff
/m/05f4p	/people/person/profession	/m/0cbd2
/m/07pzc	/people/person/profession	/m/0cbd2
/m/0rh6k	/location/location/people_born_here	/m/0571m
/m/021y7yw	/people/person/profession	/m/012t_z
/m/03bxz7	/people/person/profession	/m/05z96
/m/01mz9lt	/people/person/profession	/m/0h407
/m/073tm9	/location/location/people_born_here	/m/0cf_h9
/m/01tdnyh	/people/person/profession	/m/0kyk
/m/0dzt9	/location/location/people_born_here	/m/06823p
/m/01jbx1	/people/person/profession	/m/022r38
/m/021lby	/people/person/profession	/m/0b_734
/m/05b_7n	/location/location/people_born_here	/m/01fx5l
/m/02661h	/people/person/profession	/m/01m65sp
/m/04v048	/people/person/profession	/m/0np9r
/m/03x22w	/people/person/profession	/m/0cbd2
/m/06mnbn	/people/person/profession	/m/0dxtg
/m/06gd4	/people/person/profession	/m/099ty
/m/0grmhb	/people/person/profession	/m/01cwkq
/m/03fbb6	/people/person/profession	/m/0cbd2
/m/01q4qv	/people/person/profession	/m/01ynvx
/m/06_kh	/location/location/people_born_here	/m/03x2qp
/m/0dw3l	/people/person/profession	/m/0j8p6
/m/01d4cb	/people/person/profession	/m/0dcqh
/m/016h9b	/people/person/profession	/m/037q1z
/m/01pr6n	/people/person/profession	/m/02tx6q
/m/02pzc4	/people/person/profession	/m/0c921
/m/0jm4v	/people/person/profession	/m/02jknp
/m/01pctb	/people/person/profession	/m/0cp0790
/m/02v5_g	/people/person/profession	/m/0dxtg
/m/01h96	/location/location/people_born_here	/m/01j2xj
/m/0104lr	/people/person/profession	/m/01d_h8
/m/01vqc7	/location/location/people_born_here	/m/0p3sf
/m/01vrt_c	/people/person/profession	/m/0ftqr
/m/0jm_	/sports/sport/pro_athletes./sports/pro_sports_played/athlete	/m/017d77
/m/0126hc	/location/location/people_born_here	/m/0kr7k
/m/026g51	/location/location/people_born_here	/m/027dtv3
/m/01xvjb	/people/person/profession	/m/02jknp
/m/02kxjx	/people/person/profession	/m/09jwl
/m/07h0cl	/people/person/profession	/m/039v1
/m/02f1c	/people/person/profession	/m/01gtdd
/m/02g_6j	/people/person/profession	/m/0dxtg
/m/01svq8	/people/person/profession	/m/04p4r
/m/02b13y	/location/location/people_born_here	/m/0gt3p
/m/014nq4	/people/person/profession	/m/01d_h8
/m/01rnpy	/location/location/people_born_here	/m/03xyp_
/m/025cn2	/people/person/profession	/m/0487_
/m/015vql	/people/person/profession	/m/0dxtg
/m/0k1bs	/people/person/profession	/m/0lbp_
/m/030znt	/people/person/profession	/m/09jwl
/m/0fs54	/location/location/people_born_here	/m/051pnv
/m/0mw_q	/people/person/profession	/m/02hrh1q
/m/0151b0	/people/person/profession	/m/04f2zj
/m/0sw6g	/people/person/profession	/m/01c72t
/m/018fwv	/people/person/profession	/m/06br8
/m/03v1xb	/people/person/profession	/m/042_f1
/m/03r1pr	/people/person/profession	/m/01gstn
/m/03j24kf	/people/person/profession	/m/0jml5
/m/01wj5hp	/people/person/profession	/m/02rybfn
/m/09fn1w	/location/location/people_born_here	/m/01wskg
/m/0t_07	/people/person/profession	/m/02jknp
/m/05ft32	/location/location/people_born_here	/m/026yqrr
/m/0405l	/location/location/people_born_here	/m/0d1mp3
/m/07l2m	/people/person/profession	/m/01tkqy
/m/07gbf	/people/person/profession	/m/02hrh1q
/m/05m883	/people/person/profession	/m/0cbd2
/m/0171b8	/people/person/profession	/m/05vyk
/m/030qb3t	/location/location/people_born_here	/m/0fm3nb
/m/0hnws	/people/person/profession	/m/0fj9f
/m/03cs_z7	/people/person/profession	/m/0gg68
/m/029n80	/people/person/profession	/m/0dz3r
/m/01vwyqp	/people/person/profession	/m/02krf9
/m/06lgq8	/people/person/profession	/m/033071
/m/046fz5	/people/person/profession	/m/02hrh1q
/m/012bk	/location/location/people_born_here	/m/0c_mvb
/m/02lf0c	/location/location/people_born_here	/m/0337vz
/m/02jqjm	/people/person/profession	/m/016z4k
/m/02lg9w	/people/person/profession	/m/0cwy47
/m/01p726	/location/location/people_born_here	/m/04kmx_
/m/06_kh	/location/location/people_born_here	/m/08nz99
/m/0kr5_	/people/person/profession	/m/02k54
/m/01w613	/people/person/profession	/m/03gjzk
/m/0cf08	/people/person/profession	/m/0cbd2
/m/0dl567	/people/person/profession	/m/01sh2
/m/0mx5p	/people/person/profession	/m/02hrh1q
/m/06_kh	/people/person/profession	/m/02krf9
/m/02h0f3	/people/person/profession	/m/02qfh
/m/01wyy_	/people/person/profession	/m/0114m0
/m/02n61z	/people/person/profession	/m/03gjzk
/m/05pq3_	/people/person/profession	/m/02hrh1q
/m/01pr_j6	/people/person/profession	/m/04hw4b
/m/0f0y8	/people/person/profession	/m/03k7dn
/m/08rr3p	/location/location/people_born_here	/m/03fqv5
/m/0_wm_	/sports/sport/pro_athletes./sports/pro_sports_played/athlete	/m/083qy7
/m/02bf2s	/people/person/profession	/m/02hrh1q
/m/019r_1	/people/person/profession	/m/0tc7
/m/05mlqj	/people/person/profession	/m/04zx3q1
/m/0jm_	/sports/sport/pro_athletes./sports/pro_sports_played/athlete	/m/08z0wx
/m/063b4k	/people/person/profession	/m/0227vl
/m/02ptczs	/people/person/profession	/m/0cbd2
/m/0plyy	/location/location/people_born_here	/m/0wr_s
/m/01qnfc	/people/person/profession	/m/0fphf3v
/m/01twmp	/people/person/profession	/m/07w6r
/m/0c5v2	/people/person/profession	/m/01d30f
/m/025cn2	/people/person/profession	/m/06yxd
/m/018dyl	/location/location/people_born_here	/m/027ht3n
/m/038bht	/people/person/profession	/m/04m064
/m/01vswx5	/people/person/profession	/m/013rfk
/m/0195pd	/location/location/people_born_here	/m/03q91d
/m/0chgzm	/location/location/people_born_here	/m/047g8h
/m/058nh2	/people/person/profession	/m/0bxfmk
/m/0j_tw	/people/person/profession	/m/0np9r
/m/0175yg	/people/person/profession	/m/0np9r
/m/01pfkw	/people/person/profession	/m/02tqkf
/m/0g51l1	/people/person/profession	/m/0bd67
/m/0psxp	/people/person/profession	/m/02krf9
/m/0d66j2	/people/person/profession	/m/01d_h8
/m/0m75g	/people/person/profession	/m/018gz8
/m/0343h	/people/person/profession	/m/04qvl7
/m/0736qr	/location/location/people_born_here	/m/02q3bb
/m/02_286	/location/location/people_born_here	/m/01mjq
/m/02_286	/location/location/people_born_here	/m/03ly1b
/m/01k7xz	/location/location/people_born_here	/m/0h584v
/m/01sbf2	/people/person/profession	/m/02yh8l
/m/0j_1v	/people/person/profession	/m/02jknp
/m/01z26v	/people/person/profession	/m/02hrh1q
/m/06vlk0	/people/person/profession	/m/02hrh1q
/m/0crx5w	/people/person/profession	/m/01b39j
/m/02qwg	/people/person/profession	/m/012t_z
/m/0rh6k	/location/location/people_born_here	/m/0cbhh
/m/07s6tbm	/people/person/profession	/m/0kyk
/m/06kxk2	/people/person/profession	/m/01gwk3
/m/014g9y	/people/person/profession	/m/0cf_h9
/m/0dzf_	/people/person/profession	/m/0355pl
/m/02__7n	/people/person/profession	/m/01400v
/m/06j8wx	/people/person/profession	/m/0dxtg
/m/054k_8	/people/person/profession	/m/0mxsm
/m/0mzvm	/location/location/people_born_here	/m/03qncl3
/m/0p9z5	/location/location/people_born_here	/m/01jq0j
/m/0ks67	/people/person/profession	/m/02krf9
/m/0cm89v	/people/person/profession	/m/0z07
/m/0mw93	/people/person/profession	/m/03gjzk
/m/01vvyd8	/people/person/profession	/m/01shy7
/m/083q7	/people/person/profession	/m/09jwl
/m/03x3wf	/location/location/people_born_here	/m/01nm3s
/m/01309x	/people/person/profession	/m/06gg5c
/m/02kdw56	/location/location/people_born_here	/m/053j4w4
/m/01p8r8	/people/person/profession	/m/05wpnx
/m/04sx9_	/people/person/profession	/m/03p41
/m/0jmj	/people/person/profession	/m/0cbd2
/m/01gzm2	/people/person/profession	/m/02c6pq
/m/06wvj	/people/person/profession	/m/04gny
/m/06w38l	/people/person/profession	/m/027g8gr
/m/02b25y	/people/person/profession	/m/01d_h8
/m/064p92m	/people/person/profession	/m/0821j
/m/01lys3	/people/person/profession	/m/02dsz
/m/01lqnff	/people/person/profession	/m/01c59k
/m/0msyb	/people/person/profession	/m/02jknp
/m/013q07	/location/location/people_born_here	/m/027cxsm
/m/01fvhp	/location/location/people_born_here	/m/0bqvs2
/m/0clvcx	/people/person/profession	/m/045zr
/m/0mwsh	/people/person/profession	/m/016z4k
/m/04ns3gy	/people/person/profession	/m/02hrh1q
/m/03wd5tk	/people/person/profession	/m/0837ql
/m/01_p6t	/people/person/profession	/m/025504
/m/0ycfj	/people/person/profession	/m/01c72t
/m/0lgsq	/people/person/profession	/m/039v1
/m/025r_t	/people/person/profession	/m/01d30f
/m/050t68	/people/person/profession	/m/01mxqyk
/m/046zh	/people/person/profession	/m/03wjb7
/m/01rwcgb	/people/person/profession	/m/0djd22
/m/01mt1fy	/people/person/profession	/m/04kn29
/m/0jvtp	/people/person/profession	/m/04zqmj
/m/01vswx5	/people/person/profession	/m/0d608
/m/02tc5y	/people/person/profession	/m/01c979
/m/063tn	/people/person/profession	/m/0gl2ny2
/m/016k4x	/people/person/profession	/m/02krf9
/m/015pvh	/people/person/profession	/m/018j2
/m/03vrv9	/people/person/profession	/m/05xbx
/m/0cmt6q	/people/person/profession	/m/0dxtg
/m/07zhjj	/people/person/profession	/m/016fly
/m/02_286	/location/location/people_born_here	/m/025tn92
/m/08141d	/people/person/profession	/m/03cz4j
/m/05qtj	/location/location/people_born_here	/m/011x_4
/m/04tnqn	/people/person/profession	/m/01d_h8
/m/019pm_	/people/person/profession	/m/01l1ls
/m/01g6bk	/people/person/profession	/m/0660b9b
/m/0ltv	/people/person/profession	/m/02hrh1q
/m/05wqr1	/people/person/profession	/m/01d_h8
/m/03v0vd	/people/person/profession	/m/036k5h
/m/0kvgxk	/people/person/profession	/m/03gjzk
/m/02k6pv	/people/person/profession	/m/02hv44_
/m/0gldyz	/people/person/profession	/m/0nbcg
/m/01_d4	/location/location/people_born_here	/m/02b2np
/m/023slg	/location/location/people_born_here	/m/05p92jn
/m/07619_	/people/person/profession	/m/09jwl
/m/01s0ps	/people/person/profession	/m/02jknp
/m/01y9r2	/people/person/profession	/m/0dxtg
/m/02mpyh	/people/person/profession	/m/06q2q
/m/02pxst	/people/person/profession	/m/0kyk
/m/01kmd4	/biology/organism_classification_rank/organism_classifications	/m/0kff3
/m/075cph	/people/person/profession	/m/09jwl
/m/0g53gd7	/people/person/profession	/m/05sxg2
/m/0blgl	/people/person/profession	/m/03fn5s
/m/0ln16	/people/person/profession	/m/01c8w0
/m/02r_5vd	/people/person/profession	/m/04gc2
/m/0171c7	/people/person/profession	/m/02hrh1q
/m/01x4x4	/people/person/profession	/m/0cbd2
/m/01skqzw	/people/person/profession	/m/05z96
/m/0mmp3	/people/person/profession	/m/09jwl
/m/041mt	/people/person/profession	/m/02hrh1q
/m/028kk_	/location/location/people_born_here	/m/02xbw2
/m/016fnb	/people/person/profession	/m/017wh
/m/04znsy	/people/person/profession	/m/01j7mr
/m/0b7gr2	/people/person/profession	/m/0p7qm
/m/0ql36	/people/person/profession	/m/012w70
/m/0438f	/people/person/profession	/m/01xr66
/m/033rq	/people/person/profession	/m/051vz
/m/0436kgz	/people/person/profession	/m/02x2gy0
/m/03q58q	/location/location/people_born_here	/m/03n0pv
/m/03zbws	/location/location/people_born_here	/m/07_grx
/m/0f04c	/location/location/people_born_here	/m/07r_dg
/m/01d_h	/people/person/profession	/m/03h42s4
/m/03x6rj	/people/person/profession	/m/0dz3r
/m/026v437	/people/person/profession	/m/0mfc0
/m/0kqb0	/people/person/profession	/m/01445t
/m/0g824	/people/person/profession	/m/03558l
/m/067sqt	/people/person/profession	/m/07yk1xz
/m/01jtp7	/people/person/profession	/m/02hrh1q
/m/04zn7g	/location/location/people_born_here	/m/048s0r
/m/025j1t	/people/person/profession	/m/032zg9
/m/013pk3	/people/person/profession	/m/09stq9
/m/0dz8b	/location/location/people_born_here	/m/07ftc0
/m/02xb2bt	/people/person/profession	/m/02b1mc
/m/04yj5z	/people/person/profession	/m/09jwl
/m/05nn4k	/people/person/profession	/m/013gz
/m/0g293	/people/person/profession	/m/02jknp
/m/0b_fw	/people/person/profession	/m/06w38l
/m/0dclg	/location/location/people_born_here	/m/044p4_
/m/0hzc9wc	/sports/pro_athlete/sports_played_professionally./sports/pro_sports_played/sport	/m/018w8
/m/05rnp1	/people/person/profession	/m/0cbd2
/m/01_d4	/location/location/people_born_here	/m/014zws
/m/01_d4	/location/location/people_born_here	/m/01l5t6
/m/04x4r	/location/location/people_born_here	/m/012s5j
/m/02nfjp	/people/person/profession	/m/0vp5f
/m/02fzs	/people/person/profession	/m/02hrh1q
/m/044k8	/people/person/profession	/m/07vc_9
/m/017r13	/people/person/profession	/m/01d6g
/m/01t6b4	/people/person/profession	/m/02krf9
/m/05whq_9	/people/person/profession	/m/0dj0m5
/m/03hzkq	/people/person/profession	/m/044prt
/m/01wj5hp	/location/location/people_born_here	/m/04bd8y
/m/0671wk	/people/person/profession	/m/02jknp
/m/0c8hct	/people/person/profession	/m/01n4bh
/m/0f0y8	/people/person/profession	/m/07m4c
/m/020ffd	/people/person/profession	/m/0d1pc
/m/02vx4	/sports/sport/pro_athletes./sports/pro_sports_played/athlete	/m/0flry
/m/0104lr	/people/person/profession	/m/0dxtg
/m/03h502k	/people/person/profession	/m/0193f
/m/0nv2x	/people/person/profession	/m/0nbcg
/m/012v1t	/people/person/profession	/m/09tkzy
/m/05cgy8	/people/person/profession	/m/0gqzz
/m/0gppg	/people/person/profession	/m/012t_z
/m/037n3	/people/person/profession	/m/01c72t
/m/01fh9	/people/person/profession	/m/0hc8h
/m/0fq9zdn	/people/person/profession	/m/016z4k
/m/0fhzf	/location/location/people_born_here	/m/01vrx35
/m/0ffgh	/people/person/profession	/m/026g73
/m/0b1s_q	/people/person/profession	/m/02w6bq
/m/01sn3	/location/location/people_born_here	/m/056878
/m/01pn0r	/people/person/profession	/m/04f2zj
/m/05zr6wv	/people/person/profession	/m/0nbcg
/m/01gln9	/people/person/profession	/m/0np9r
/m/01qh7	/location/location/people_born_here	/m/021q0l
/m/0dprg	/location/location/people_born_here	/m/026gb3v
/m/0kq0q	/location/location/people_born_here	/m/0n6kf
/m/018dyl	/people/person/profession	/m/0cfhfz
/m/016vqk	/people/person/profession	/m/01699
/m/0l98s	/people/person/profession	/m/0dxtg
/m/01pcmd	/people/person/profession	/m/02jknp
/m/01vrx35	/people/person/profession	/m/0hvbj
/m/02sp_v	/people/person/profession	/m/05z96
/m/01l3mk3	/location/location/people_born_here	/m/083pr
/m/017149	/people/person/profession	/m/016bx2
/m/0d085	/location/location/people_born_here	/m/01pl9g
/m/0cr3d	/location/location/people_born_here	/m/0f25y
/m/0fmc5	/sports/pro_athlete/sports_played_professionally./sports/pro_sports_played/sport	/m/02vx4
/m/0bsb4j	/people/person/profession	/m/02hrh1q
/m/01h0kx	/location/location/people_born_here	/m/0646qh
/m/01hc9_	/people/person/profession	/m/0bhsnb
/m/031kyy	/people/person/profession	/m/09jwl
/m/02qw_v	/people/person/profession	/m/01c72t
/m/05l2z4	/people/person/profession	/m/01d_h8
/m/01x4r3	/people/person/profession	/m/017yzc
/m/02nfjp	/people/person/profession	/m/02zyq6
/m/086sj	/people/person/profession	/m/06mq7
/m/0fpzwf	/location/location/people_born_here	/m/0bytkq
/m/038981	/people/person/profession	/m/01d_h8
/m/0b_6yv	/people/person/profession	/m/09jwl
/m/0dlqv	/people/person/profession	/m/02hrh1q
/m/03f3yfj	/people/person/profession	/m/02hv44_
/m/012gbb	/people/person/profession	/m/05k79
/m/0jfx1	/people/person/profession	/m/04gp58p
/m/06hmd	/people/person/profession	/m/0jpn8
/m/07sgfsl	/people/person/profession	/m/04j5jl
/m/05808s	/people/person/profession	/m/025352
/m/0t6sb	/people/person/profession	/m/016z4k
/m/01ww2fs	/people/person/profession	/m/024lff
/m/0lphb	/location/location/people_born_here	/m/04l19_
/m/0xt3t	/location/location/people_born_here	/m/019f9z
/m/0jm_	/sports/sport/pro_athletes./sports/pro_sports_played/athlete	/m/0m9c1
/m/045c66	/people/person/profession	/m/01d_h8
/m/02qzh2	/people/person/profession	/m/0dz3r
/m/05cgy8	/people/person/profession	/m/05zlld0
/m/01q_ph	/people/person/profession	/m/0r1yc
/m/0kdqw	/people/person/profession	/m/09jwl
/m/0xt3t	/people/person/profession	/m/0dxtg
/m/0l6wj	/people/person/profession	/m/0cbd2
/m/03xx9l	/people/person/profession	/m/017dpj
/m/0fr59	/location/location/people_born_here	/m/01l3mk3
/m/0f276	/people/person/profession	/m/016z4k
/m/0745k7	/location/location/people_born_here	/m/01t94_1
/m/05mt_q	/people/person/profession	/m/01gsrl
/m/03c7ln	/people/person/profession	/m/03hzt
/m/0bt9lr	/people/person/profession	/m/02hrh1q
/m/04yt7	/people/person/profession	/m/0xqf3
/m/04f7c55	/people/person/profession	/m/016fly
/m/0rh6k	/location/location/people_born_here	/m/0bt4g
/m/03r1pr	/people/person/profession	/m/0232lm
/m/027qb1	/people/person/profession	/m/01l5t6
/m/01jzxy	/people/person/profession	/m/0dxtg
/m/01v40wd	/people/person/profession	/m/02r3cn
/m/07_grx	/people/person/profession	/m/03cd0x
/m/02pdhz	/people/person/profession	/m/025sppp
/m/01385g	/people/person/profession	/m/0fplg
/m/0rql_	/location/location/people_born_here	/m/0dt5k
/m/044rv	/people/person/profession	/m/02jknp
/m/017r13	/people/person/profession	/m/0np9r
/m/01n9d9	/people/person/profession	/m/018ljb
/m/016gkf	/people/person/profession	/m/0msyb
/m/01kkx2	/people/person/profession	/m/05vyk
/m/01_d4	/location/location/people_born_here	/m/01qb5d
/m/01c427	/location/location/people_born_here	/m/01vsy3q
/m/035yzw	/people/person/profession	/m/0nbcg
/m/0jm_	/people/person/profession	/m/0kyk
/m/0hnf5vm	/people/person/profession	/m/0nbcg
/m/085q5	/people/person/profession	/m/0tr3p
/m/03bw6	/people/person/profession	/m/052gtg
/m/01_x6v	/people/person/profession	/m/03dj6y
/m/0vmt	/people/person/profession	/m/01c72t
/m/0fhmf	/biology/organism_classification_rank/organism_classifications	/m/0fkv5
/m/01g42	/tv/tv_series_episode/series	/m/02ryvsw
/m/0167v	/people/person/profession	/m/03gjzk
/m/0739z6	/people/person/profession	/m/060v34
/m/04mjl	/people/person/profession	/m/02krf9
/m/051wwp	/people/person/profession	/m/032498
/m/08qz1l	/people/person/profession	/m/0mn6
/m/0325pb	/people/person/profession	/m/02hrh1q
/m/05hjmd	/people/person/profession	/m/011x_4
/m/0d6hn	/location/location/people_born_here	/m/084302
/m/028qdb	/people/person/profession	/m/05zjx
/m/0259r0	/people/person/profession	/m/024030
/m/050_qx	/people/person/profession	/m/06jzh
/m/07bz5	/book/book/genre	/m/014162
/m/06z9yh	/people/person/profession	/m/04znsy
/m/07zlqp	/people/person/profession	/m/0dz3r
/m/01669b	/people/person/profession	/m/039v1
/m/056rgc	/people/person/profession	/m/067x44
/m/02_2kg	/people/person/profession	/m/02hrh1q
/m/05zhg	/people/person/profession	/m/0cbd2
/m/085pr	/people/person/profession	/m/09sr0
/m/016fnb	/people/person/profession	/m/03pn9
/m/0209xj	/people/person/profession	/m/02hrh1q
/m/0164y7	/people/person/profession	/m/02hrh1q
/m/03rs8y	/people/person/profession	/m/0bzlrh
/m/06p0s1	/people/person/profession	/m/03gjzk
/m/06b3g4	/people/person/profession	/m/0q96
/m/01vsnff	/people/person/profession	/m/053f5
/m/076_74	/people/person/profession	/m/0f__1
/m/02_286	/location/location/people_born_here	/m/01crd5
/m/02_286	/location/location/people_born_here	/m/02ynfr
/m/0bl1_	/people/person/profession	/m/01d_h8
/m/02zy1z	/people/person/profession	/m/0nbcg
/m/0hsn_	/people/person/profession	/m/07bzp
/m/01wp8w7	/people/person/profession	/m/0105y2
/m/026gb3v	/people/person/profession	/m/01ym9b
/m/03f0fnk	/people/person/profession	/m/0f502
/m/01wkmgb	/people/person/profession	/m/0xmp9
/m/02k1pr	/people/person/profession	/m/02jknp
/m/015x1f	/people/person/profession	/m/0fcsd
/m/02qpt1w	/people/person/profession	/m/018gz8
/m/01nczg	/people/person/profession	/m/02krf9
/m/01jr6	/location/location/people_born_here	/m/07cbcy
/m/042fk	/people/person/profession	/m/0kj0
/m/045w_4	/people/person/profession	/m/01rc6f
/m/01grpc	/people/person/profession	/m/0kyk
/m/05c5z8j	/people/person/profession	/m/03gjzk
/m/0hv0d	/people/person/profession	/m/02hrh1q
/m/0123j6	/people/person/profession	/m/03gjzk
/m/07zl6m	/people/person/profession	/m/0kyk
/m/05kjc6	/people/person/profession	/m/0gl2ny2
/m/04g73n	/people/person/profession	/m/015h31
/m/03vfr_	/people/person/profession	/m/0dxtg
/m/0kjgl	/people/person/profession	/m/013rds
/m/01d1st	/people/person/profession	/m/0nk1p
/m/0gclb	/people/person/profession	/m/02hrh1q
/m/0140t7	/people/person/profession	/m/013hvr
/m/02rp117	/people/person/profession	/m/018gz8
/m/0k_s5	/people/person/profession	/m/09jwl
/m/02vx4	/sports/sport/pro_athletes./sports/pro_sports_played/athlete	/m/0fp_xp
/m/01kyln	/people/person/profession	/m/02jknp
/m/07h07	/people/person/profession	/m/02fybl
/m/0m2l9	/people/person/profession	/m/01wqmm8
/m/07h5d	/people/person/profession	/m/014j1m
/m/03lkp	/people/person/profession	/m/02hrh1q
/m/01sbhvd	/people/person/profession	/m/0j862
/m/01vw_dv	/people/person/profession	/m/0dxtg
/m/0hvb2	/people/person/profession	/m/0dxtg
/m/049rl0	/people/person/profession	/m/02hrh1q
/m/01t_z	/location/location/people_born_here	/m/0f2df
/m/02lnhv	/people/person/profession	/m/016gr2
/m/0453t	/people/person/profession	/m/0kyk
/m/03j70d	/people/person/profession	/m/02hrh1q
/m/040696	/people/person/profession	/m/0mxcf
/m/0dhrqx	/sports/pro_athlete/sports_played_professionally./sports/pro_sports_played/sport	/m/01h2_6
/m/090q32	/location/location/people_born_here	/m/0lkr7
/m/0h0p_	/people/person/profession	/m/0cbd2
/m/0lk90	/location/location/people_born_here	/m/01gq0b
/m/05rh2	/people/person/profession	/m/02hrh1q
/m/015pvh	/people/person/profession	/m/016fly
/m/07tcs	/location/location/people_born_here	/m/0mxsm
/m/04mhbh	/people/person/profession	/m/01d_h8
/m/05fg2	/people/person/profession	/m/01gbb4
/m/03dhbp	/people/person/profession	/m/02hrh1q
/m/02q1hz	/people/person/profession	/m/03gjzk
/m/02_286	/location/location/people_born_here	/m/03m3mgq
/m/01f8gz	/location/location/people_born_here	/m/03zrp
/m/07tlg	/location/location/people_born_here	/m/01vvdm
/m/01mxnvc	/location/location/people_born_here	/m/02q9kqf
/m/05z775	/people/person/profession	/m/01_p6t
/m/0z18v	/people/person/profession	/m/0nbcg
/m/02x1z2s	/people/person/profession	/m/02hrh1q
/m/0r2l7	/location/location/people_born_here	/m/07g9f
/m/01_p6t	/people/person/profession	/m/0nbcg
/m/034qt_	/people/person/profession	/m/017vdg
/m/03f6fl0	/people/person/profession	/m/02qjj7
/m/01vvyfh	/people/person/profession	/m/0n56v
/m/063y9fp	/people/person/profession	/m/018gz8
/m/04gp1d	/location/location/people_born_here	/m/030s5g
/m/05nw9m	/location/location/people_born_here	/m/019803
/m/01cx_	/location/location/people_born_here	/m/08c4yn
/m/09xrxq	/people/person/profession	/m/01zg98
/m/07jmgz	/people/person/profession	/m/04s9n
/m/04bdpf	/sports/pro_athlete/sports_played_professionally./sports/pro_sports_played/sport	/m/02fqwt
/m/034rd	/people/person/profession	/m/01vh096
/m/0l3n4	/people/person/profession	/m/03gjzk
/m/0dclg	/location/location/people_born_here	/m/0tt6k
/m/0dclg	/location/location/people_born_here	/m/0113sg
/m/01336l	/location/location/people_born_here	/m/033jj1
/m/02m501	/people/person/profession	/m/0824r
/m/081wh1	/people/person/profession	/m/0q04f
/m/02508x	/people/person/profession	/m/0m_w6
/m/017g21	/people/person/profession	/m/059ts
/m/02f8lw	/people/person/profession	/m/04nrcg
/m/03_nq	/people/person/profession	/m/0j80w
/m/01yfm8	/people/person/profession	/m/01gst9
/m/015wfg	/people/person/profession	/m/0hgqq
/m/027jw0c	/people/person/profession	/m/01l5t6
/m/0pmhf	/people/person/profession	/m/0mkdm
/m/0hwd8	/people/person/profession	/m/0ds2sb
/m/0cyhq	/people/person/profession	/m/0cqgl9
/m/07bbc	/people/person/profession	/m/0cbd2
/m/06rgq	/people/person/profession	/m/04jnd7
/m/01vt9p3	/location/location/people_born_here	/m/04mx7s
/m/0djlxb	/people/person/profession	/m/02hrh1q
/m/021wpb	/people/person/profession	/m/02hrh1q
/m/06t8b	/people/person/profession	/m/0bl5c
/m/0tfc	/people/person/profession	/m/01gc7h
/m/09jd9	/people/person/profession	/m/0r03f
/m/01j4ls	/people/person/profession	/m/012ky3
/m/04qw17	/location/location/people_born_here	/m/08f3yq
/m/0chrx	/location/location/people_born_here	/m/07srw
/m/0415mzy	/people/person/profession	/m/06wm0z
/m/01lz4tf	/people/person/profession	/m/059f4
/m/0100mt	/location/location/people_born_here	/m/063zky
/m/0178rl	/people/person/profession	/m/0gmcwlb
/m/0hmt3	/people/person/profession	/m/01d_h8
/m/01hf6	/people/person/profession	/m/0nbcg
/m/0mfj2	/people/person/profession	/m/04sj3
/m/016hvl	/people/person/profession	/m/0lkm
/m/014vk4	/people/person/profession	/m/02hrh1q
/m/02lq10	/people/person/profession	/m/05xvj
/m/0lhn5	/location/location/people_born_here	/m/03_wtr
/m/04xrx	/people/person/profession	/m/06x8y
/m/04sry	/people/person/profession	/m/0nbcg
/m/04ztj	/location/location/people_born_here	/m/03cz9_
/m/04xfb	/people/person/profession	/m/045g4l
/m/017f4y	/people/person/profession	/m/02jknp
/m/0bwjj	/people/person/profession	/m/0cbd2
/m/0bt4r4	/people/person/profession	/m/06rjp
/m/013pk3	/people/person/profession	/m/07g7h2
/m/01xr6x	/people/person/profession	/m/04f2zj
/m/09qh1	/people/person/profession	/m/09jwl
/m/02gw_w	/location/location/people_born_here	/m/01nqj
/m/08qvhv	/people/person/profession	/m/09c17
/m/0yxm1	/people/person/profession	/m/0dxtg
/m/012b30	/people/person/profession	/m/0ch6mp2
/m/07j_6b	/people/person/profession	/m/0dxtg
/m/03v1xb	/people/person/profession	/m/01d_h8
/m/024swd	/people/person/profession	/m/06z6r
/m/046_v	/people/person/profession	/m/0fy2s1
/m/082xp	/people/person/profession	/m/05vzql
/m/07r4c	/people/person/profession	/m/05th8t
/m/0r7fy	/people/person/profession	/m/018gz8
/m/01gp_x	/people/person/profession	/m/02hrh1q
/m/0c8hct	/people/person/profession	/m/010z5n
/m/02w3w	/people/person/profession	/m/0dz3r
/m/01ztgm	/location/location/people_born_here	/m/02xs5v
/m/01vsn38	/people/person/profession	/m/064t9
/m/026ldz7	/location/location/people_born_here	/m/05lb30
/m/03n52j	/people/person/profession	/m/09jwl
/m/01c59k	/people/person/profession	/m/032w8h
/m/0l2q3	/people/person/profession	/m/02hrh1q
/m/01vtqml	/people/person/profession	/m/04bnx
/m/02_286	/people/person/profession	/m/02hrh1q
/m/0jcx	/people/person/profession	/m/0l14gg
/m/03swmf	/people/person/profession	/m/021dvj
/m/01ry_x	/people/person/profession	/m/02hrh1q
/m/0h7h6	/location/location/people_born_here	/m/014j0w
/m/019z7q	/people/person/profession	/m/0dm5l
/m/01rzxl	/people/person/profession	/m/01445t
/m/02_286	/location/location/people_born_here	/m/0h6dj
/m/02_286	/location/location/people_born_here	/m/026m9w
/m/02_286	/location/location/people_born_here	/m/01qdjm
/m/0ycht	/people/person/profession	/m/0n1h
/m/05sns6	/location/location/people_born_here	/m/04r68
/m/0hqgp	/people/person/profession	/m/04y41
/m/03c5f7l	/people/person/profession	/m/07fb6
/m/03pbf	/people/person/profession	/m/015cjr
/m/06npd	/location/location/people_born_here	/m/01lvzbl
/m/01fwk3	/people/person/profession	/m/02404v
/m/0kh3	/people/person/profession	/m/029bkp
/m/048xg8	/people/person/profession	/m/0np9r
/m/0gy7bj4	/location/location/people_born_here	/m/06pk8
/m/0292qb	/location/location/people_born_here	/m/02dztn
/m/025tdwc	/people/person/profession	/m/03mv9j
/m/04vt98	/people/person/profession	/m/03d2k
/m/030vmc	/location/location/people_born_here	/m/01qbjg
/m/03f22dp	/people/person/profession	/m/026kq4q
/m/01yk13	/people/person/profession	/m/0bxxzb
/m/05myd2	/people/person/profession	/m/01d_h8
/m/03f02ct	/people/person/profession	/m/01r3y2
/m/0dclg	/location/location/people_born_here	/m/0l2p7
/m/01vz80y	/people/person/profession	/m/03spz
/m/01gf5	/location/location/people_born_here	/m/03q8xj
/m/012c6x	/people/person/profession	/m/0177gl
/m/05wjnt	/people/person/profession	/m/0m76b
/m/01rmnp	/people/person/profession	/m/05qdh
/m/01lqnff	/people/person/profession	/m/02qd04y
/m/013cz2	/people/person/profession	/m/01d_h8
/m/0c3351	/people/person/profession	/m/0lgw7
/m/0747k8	/people/person/profession	/m/0dxtg
/m/05txrz	/people/person/profession	/m/05bnq3j
/m/04rlf	/location/location/people_born_here	/m/0hz_1
/m/032r4n	/people/person/profession	/m/02hrh1q
/m/026fd	/people/person/profession	/m/01pcrw
/m/0315rp	/people/person/profession	/m/0dxtg
/m/01xbpn	/people/person/profession	/m/04f2zj
/m/01_qc_	/location/location/people_born_here	/m/02mxbd
/m/06t8b	/people/person/profession	/m/0383f
/m/04kjvt	/people/person/profession	/m/0np9r
/m/085gk	/people/person/profession	/m/0721cy
/m/02d44q	/people/person/profession	/m/02jknp
/m/0fp5z	/location/location/people_born_here	/m/074tb5
/m/0n5jm	/people/person/profession	/m/02hrh1q
/m/0132k4	/people/person/profession	/m/07tlfx
/m/0106dv	/location/location/people_born_here	/m/0d07s
/m/0fp_v1x	/people/person/profession	/m/05vyk
/m/019vv1	/people/person/profession	/m/02hrh1q
/m/07rzf	/people/person/profession	/m/025rxky
/m/02f6g5	/music/album/genre	/m/01d34b
/m/07gknc	/people/person/profession	/m/01d_h8
/m/0c_m3	/location/location/people_born_here	/m/023vcd
/m/01n4f8	/people/person/profession	/m/06v36
/m/03xx9l	/people/person/profession	/m/02hyt
/m/03t5n3	/people/person/profession	/m/02hrh1q
/m/03f2_rc	/people/person/profession	/m/094vf
/m/05vw7	/people/person/profession	/m/02hrh1q
/m/03wbqc4	/people/person/profession	/m/01d_h8
/m/04258w	/people/person/profession	/m/06ylv0
/m/0jq2r	/people/person/profession	/m/018gz8
/m/0cbgl	/people/person/profession	/m/012yc
/m/01w23w	/people/person/profession	/m/01v1ln
/m/06s7rd	/people/person/profession	/m/0gy30w
/m/042d1	/people/person/profession	/m/01f1kd
/m/0mnzd	/people/person/profession	/m/0dxtg
/m/05jjl	/location/location/people_born_here	/m/027hq5f
/m/0dzt9	/location/location/people_born_here	/m/0hhbr
/m/050z2	/people/person/profession	/m/04k25
/m/04107	/people/person/profession	/m/05tjm3
/m/01w524f	/people/person/profession	/m/09ykwk
/m/030hcs	/people/person/profession	/m/09jwl
/m/053_7s	/people/person/profession	/m/02hrh1q
/m/0j1yf	/people/person/profession	/m/0jbyg
/m/0453t	/people/person/profession	/m/01l79yc
/m/09qc1	/sports/pro_athlete/sports_played_professionally./sports/pro_sports_played/sport	/m/02vx4
/m/093l8p	/people/person/profession	/m/0dxtg
/m/02bvt	/people/person/profession	/m/012hw
/m/0k60	/people/person/profession	/m/02jknp
/m/059j4x	/people/person/profession	/m/04z542
/m/0dd2f	/people/person/profession	/m/0dz3r
/m/0gxkm	/people/person/profession	/m/0nbcg
/m/02yxwd	/people/person/profession	/m/09jwl
/m/01l1b90	/people/person/profession	/m/0bdlj
/m/01wk3c	/people/person/profession	/m/0r0ss
/m/02vx4	/sports/sport/pro_athletes./sports/pro_sports_played/athlete	/m/04d_mtq
/m/0807ml	/people/person/profession	/m/034ks
/m/04vrxh	/people/person/profession	/m/025twgt
/m/0yyn5	/people/person/profession	/m/0dxtg
/m/091xrc	/people/person/profession	/m/01d_h8
/m/05y5fw	/people/person/profession	/m/04q_g
/m/0173s9	/sports/pro_athlete/sports_played_professionally./sports/pro_sports_played/sport	/m/02vx4
/m/01xcr4	/people/person/profession	/m/01flv_
/m/08f3b1	/people/person/profession	/m/0gw7p
/m/04ch23	/people/person/profession	/m/0s3y5
/m/06qgjh	/people/person/profession	/m/053ksp
/m/01m3x5p	/people/person/profession	/m/04vg8
/m/0sbbq	/location/location/people_born_here	/m/023vcd
/m/0f3zf_	/people/person/profession	/m/02jknp
/m/0dq630k	/people/person/profession	/m/09jwl
/m/086nl7	/people/person/profession	/m/034hwx
/m/0k6yt1	/people/person/profession	/m/056zdj
/m/032nl2	/people/person/profession	/m/02yy_j
/m/016bx2	/location/location/people_born_here	/m/021bk
/m/0f4y_	/location/location/people_born_here	/m/03z509
/m/06h7l7	/location/location/people_born_here	/m/028r4y
/m/02wk4d	/people/person/profession	/m/0ddkf
/m/03rk0	/location/location/people_born_here	/m/01pvc5
/m/02d478	/people/person/profession	/m/09jwl
/m/047hpm	/people/person/profession	/m/09jwl
/m/0h336	/people/person/profession	/m/0cyn3
/m/018n1k	/people/person/profession	/m/0dxtg
/m/06qd3	/people/person/profession	/m/02hrh1q
/m/02r4qs	/people/person/profession	/m/0tt6k
/m/01w60_p	/people/person/profession	/m/0llcx
/m/034ns	/people/person/profession	/m/03sbb
/m/03n0pv	/people/person/profession	/m/01qqtr
/m/014zwb	/people/person/profession	/m/03gjzk
/m/0bq8tmw	/people/person/profession	/m/02hv44_
/m/085j0	/people/person/profession	/m/02jknp
/m/07d370	/people/person/profession	/m/0vkl2
/m/0d6br	/location/location/people_born_here	/m/05lnk0
/m/0djywgn	/people/person/profession	/m/0bsnm
/m/0jpkw	/people/person/profession	/m/0nbcg
/m/044l47	/people/person/profession	/m/01d_h8
/m/0q9vf	/people/person/profession	/m/0419kt
/m/01wv9p	/people/person/profession	/m/02rmfm
/m/03lrc	/location/location/people_born_here	/m/0r89d
/m/07dfk	/location/location/people_born_here	/m/02h3tp
/m/0283d	/people/person/profession	/m/01c8w0
/m/02qkq0	/people/person/profession	/m/02hrh1q
/m/04hw4b	/people/person/profession	/m/0125ny
/m/0lsxr	/people/person/profession	/m/02hrh1q
/m/05xzcz	/people/person/profession	/m/0kyk
/m/03t8v3	/people/person/profession	/m/0gh4g0
/m/05hj_k	/people/person/profession	/m/03hbbc
/m/034qrh	/people/person/profession	/m/0196pc
/m/02r6mf	/people/person/profession	/m/02hv44_
/m/0r00l	/location/location/people_born_here	/m/0m75g
/m/04vmp	/location/location/people_born_here	/m/03qh03g
/m/03j63k	/people/person/profession	/m/012t_z
/m/01515w	/people/person/profession	/m/0cbd2
/m/04jpl	/location/location/people_born_here	/m/01kwld
/m/024c2	/people/person/profession	/m/09jwl
/m/02h53vq	/people/person/profession	/m/06q2q
/m/01438g	/people/person/profession	/m/0ytph
/m/0988cp	/people/person/profession	/m/01fr7t
/m/01qnfc	/people/person/profession	/m/0dq16
/m/01kym3	/people/person/profession	/m/01yd8v
/m/058nh2	/people/person/profession	/m/0c53vt
/m/09r9m7	/people/person/profession	/m/060ny2
/m/04tnqn	/people/person/profession	/m/02qjv1p
/m/0m0hw	/location/location/people_born_here	/m/01d1st
/m/049gc	/people/person/profession	/m/02hrh1q
/m/01vnt4	/people/person/profession	/m/016z4k
/m/05f0r8	/location/location/people_born_here	/m/0678gl
/m/03yf5g	/sports/pro_athlete/sports_played_professionally./sports/pro_sports_played/sport	/m/035tjy
/m/0d8lm	/people/person/profession	/m/01d_h8
/m/02_286	/location/location/people_born_here	/m/015z4j
/m/06szd3	/people/person/profession	/m/02jknp
/m/04vq3h	/sports/pro_athlete/sports_played_professionally./sports/pro_sports_played/sport	/m/0jm_
/m/01wdqrx	/people/person/profession	/m/0mdyn
/m/094wz7q	/people/person/profession	/m/09jwl
/m/04n7njg	/people/person/profession	/m/0bqr7_
/m/0xhj2	/tv/tv_series_episode/series	/m/02ryvsw
/m/0f2sq	/people/person/profession	/m/02jknp
/m/036b_	/people/person/profession	/m/0np9r
/m/0dzf_	/people/person/profession	/m/0fnb4
/m/042d1	/people/person/profession	/m/01kqq7
/m/0bxjv	/location/location/people_born_here	/m/0bz5v2
/m/0d02km	/people/person/profession	/m/0dvld
/m/04snp2	/people/person/profession	/m/0sb1r
/m/0cr3d	/location/location/people_born_here	/m/03lsq
/m/02y74	/people/person/profession	/m/09jwl
/m/03177r	/people/person/profession	/m/0nbcg
/m/01njxvw	/people/person/profession	/m/0bcp9b
/m/01nrq5	/people/person/profession	/m/0f4k5
/m/046rfv	/people/person/profession	/m/02mt51
/m/030qb3t	/location/location/people_born_here	/m/087qxp
/m/01y0y6	/people/person/profession	/m/011kn2
/m/03z509	/people/person/profession	/m/01c979
/m/019tfz	/people/person/profession	/m/02hrh1q
/m/018ygt	/people/person/profession	/m/0r1yc
/m/04g_wd	/people/person/profession	/m/01d_h8
/m/0n9r8	/people/person/profession	/m/0dz3r
/m/0739y	/people/person/profession	/m/01nczg
/m/02wrhj	/people/person/profession	/m/02rlj20
/m/0207wx	/people/person/profession	/m/07ym0
/m/06_kh	/location/location/people_born_here	/m/0bdw6t
/m/06pr6	/location/location/people_born_here	/m/04sd0
/m/06pr6	/location/location/people_born_here	/m/0p8jf
/m/01n7rc	/location/location/people_born_here	/m/01hb6v
/m/0f_nbyh	/people/person/profession	/m/0nbcg
/m/0gd9k	/people/person/profession	/m/04z0g
/m/0sq2v	/location/location/people_born_here	/m/0mbql
/m/02sn34	/people/person/profession	/m/09lbv
/m/01386_	/people/person/profession	/m/04gfy7
/m/015q43	/location/location/people_born_here	/m/05dbf
/m/01x4r3	/people/person/profession	/m/01d_h8
/m/0147jt	/people/person/profession	/m/03gjzk
/m/02czd5	/people/person/profession	/m/02krf9
/m/03j2ts	/people/person/profession	/m/02hrh1q
/m/0f13b	/people/person/profession	/m/0rydq
/m/017xm3	/people/person/profession	/m/0n1h
/m/01531	/location/location/people_born_here	/m/0183z2
/m/0kh6b	/people/person/profession	/m/0cm5m
/m/02vx4	/sports/sport/pro_athletes./sports/pro_sports_played/athlete	/m/0cy__l
/m/0b7gxq	/location/location/people_born_here	/m/0bkg87
/m/0dlv0	/location/location/people_born_here	/m/0133_p
/m/0kbvv	/sports/sport/pro_athletes./sports/pro_sports_played/athlete	/m/043gj
/m/0f__1	/location/location/people_born_here	/m/01k2wn
/m/0bq2g	/people/person/profession	/m/0c499
/m/05cgy8	/people/person/profession	/m/051kv
/m/0jfgk	/people/person/profession	/m/02jknp
/m/027hq5f	/people/person/profession	/m/05m9f9
/m/01nr36	/people/person/profession	/m/05zm34
/m/0bqr7_	/people/person/profession	/m/03gjzk
/m/0cn68	/people/person/profession	/m/09jwl
/m/01vw917	/people/person/profession	/m/03zg2x
/m/02211by	/people/person/profession	/m/02jknp
/m/01t6xz	/people/person/profession	/m/02624g
/m/01c6qp	/people/person/profession	/m/02krf9
/m/024dgj	/people/person/profession	/m/0kzcv
/m/059dn	/people/person/profession	/m/0dxtg
/m/09xp_	/sports/sport/pro_athletes./sports/pro_sports_played/athlete	/m/09xbpt
/m/0k9j_	/people/person/profession	/m/02krf9
/m/09fc83	/people/person/profession	/m/02hrh1q
/m/01jrp0	/people/person/profession	/m/02hrh1q
/m/0jt90f5	/people/person/profession	/m/0dclg
/m/0f3ys2	/location/location/people_born_here	/m/0l2tk
/m/02c0mv	/people/person/profession	/m/0cm19f
/m/01s3kv	/people/person/profession	/m/0cbd2
/m/041c4	/people/person/profession	/m/034_cr
/m/027kp3	/people/person/profession	/m/016z4k
/m/01jz6x	/people/person/profession	/m/0x2hn
/m/02qvdc	/people/person/profession	/m/09jwl
/m/02qkq0	/people/person/profession	/m/0nbcg
/m/030qb3t	/location/location/people_born_here	/m/0br0vs
/m/0177s6	/people/person/profession	/m/01d_h8
/m/027hm_	/people/person/profession	/m/07ylj
/m/04y8r	/people/person/profession	/m/04l19_
/m/011yrp	/people/person/profession	/m/0np9r
/m/0dgq_kn	/people/person/profession	/m/02krf9
/m/04hxyv	/people/person/profession	/m/0gl2ny2
/m/07rd7	/people/person/profession	/m/01fdc0
/m/048_p	/people/person/profession	/m/02hrh1q
/m/03kq98	/people/person/profession	/m/01c72t
/m/042d1	/people/person/profession	/m/0cbd2
/m/03xh50	/people/person/profession	/m/02jknp
/m/02vqpx8	/people/person/profession	/m/027l0b
/m/094vy	/people/person/profession	/m/0dz3r
/m/0g5ff	/people/person/profession	/m/01whw6
/m/01n5309	/people/person/profession	/m/014v6f
/m/01vrncs	/people/person/profession	/m/05vtbl
/m/07l4z	/people/person/profession	/m/0mn6
/m/04bpm6	/people/person/profession	/m/02q3bb
/m/0bvqq	/people/person/profession	/m/01c72t
/m/0xnvg	/people/person/profession	/m/02hrh1q
/m/0n96z	/location/location/people_born_here	/m/01hww_
/m/0z74	/sports/sport/pro_athletes./sports/pro_sports_played/athlete	/m/03l26m
/m/0jcx	/people/person/profession	/m/01fj9_
/m/0nbrp	/location/location/people_born_here	/m/02qvkj
/m/01l1ls	/people/person/profession	/m/02hrh1q
/m/0q1lp	/people/person/profession	/m/07zmj
/m/02b1ng	/location/location/people_born_here	/m/033wx9
/m/091n7z	/people/person/profession	/m/0d8lm
/m/06182p	/location/location/people_born_here	/m/070j61
/m/08hhm6	/people/person/profession	/m/01j6mff
/m/01ggc9	/people/person/profession	/m/0443xn
/m/01ttg5	/people/person/profession	/m/03hfx6c
/m/014ck4	/location/location/people_born_here	/m/015n8
/m/068p2	/location/location/people_born_here	/m/0784v1
/m/0l0mk	/location/location/people_born_here	/m/0d500h
/m/03ntbmw	/location/location/people_born_here	/m/01jcjt
/m/0bdd_	/sports/pro_athlete/sports_played_professionally./sports/pro_sports_played/sport	/m/02vx4
/m/03sww	/people/person/profession	/m/0lwkz
/m/07rn0z	/people/person/profession	/m/0d8qb
/m/01pbs9w	/people/person/profession	/m/01grnp
/m/0n90z	/location/location/people_born_here	/m/0y617
/m/036jb	/people/person/profession	/m/03gjzk
/m/03lpbx	/location/location/people_born_here	/m/09v6gc9
/m/07bs0	/sports/sport/pro_athletes./sports/pro_sports_played/athlete	/m/02189
/m/0465_	/people/person/profession	/m/0kryqm
/m/07w6r	/people/person/profession	/m/02hrh1q
/m/0b13g7	/people/person/profession	/m/02hmw9
/m/027hnjh	/people/person/profession	/m/01vdm0
/m/0clzr	/people/person/profession	/m/0dz3r
/m/01xk7r	/people/person/profession	/m/0dxtg
/m/05ksh	/location/location/people_born_here	/m/02qx1m2
/m/04mhl	/people/person/profession	/m/0d331
/m/02lq67	/people/person/profession	/m/02krf9
/m/02g1px	/location/location/people_born_here	/m/0m0nq
/m/0chhs	/sports/pro_athlete/sports_played_professionally./sports/pro_sports_played/sport	/m/0ltv
/m/09fn1w	/people/person/profession	/m/02hrh1q
/m/0r00l	/people/person/profession	/m/0cbd2
/m/0571m	/people/person/profession	/m/02jknp
/m/01tvz5j	/people/person/profession	/m/0443c
/m/01pw2f1	/people/person/profession	/m/0212mp
/m/0r03f	/location/location/people_born_here	/m/0dfrq
/m/0127s7	/people/person/profession	/m/0r2kh
/m/0fc_9	/location/location/people_born_here	/m/02rf51g
/m/028pzq	/people/person/profession	/m/0dxtg
/m/03qmx_f	/people/person/profession	/m/0ntpv
/m/05ty4m	/people/person/profession	/m/053f5
/m/02hmw9	/location/location/people_born_here	/m/02ck1
/m/01b3bp	/people/person/profession	/m/018gz8
/m/0l1k8	/people/person/profession	/m/0np9r
/m/01ycfv	/people/person/profession	/m/0x27b
/m/01wz_ml	/people/person/profession	/m/024_ql
/m/06yj20	/sports/pro_athlete/sports_played_professionally./sports/pro_sports_played/sport	/m/07wlt
/m/0l56b	/people/person/profession	/m/0nm6z
/m/053_7s	/people/person/profession	/m/015cjr
/m/0d35y	/people/person/profession	/m/02hrh1q
/m/0dls3	/people/person/profession	/m/0nbcg
/m/04b7xr	/people/person/profession	/m/02q7yfq
/m/04bz7q	/people/person/profession	/m/0cbd2
/m/0184jw	/people/person/profession	/m/07h1h5
/m/01xbp7	/people/person/profession	/m/01c72t
/m/02cgp8	/people/person/profession	/m/01d_h8
/m/08cn_n	/people/person/profession	/m/01l03w2
/m/095w_	/location/location/people_born_here	/m/0frsw
/m/0y617	/people/person/profession	/m/02hrh1q
/m/01mgsn	/location/location/people_born_here	/m/0fk0xk
/m/0j6cj	/people/person/profession	/m/02z_b
/m/0946bb	/people/person/profession	/m/02hrh1q
/m/01sn3	/location/location/people_born_here	/m/05lb87
/m/01vs_v8	/people/person/profession	/m/03gq340
/m/01lk31	/location/location/people_born_here	/m/01wj92r
/m/01lly5	/people/person/profession	/m/083wr9
/m/0qkyj	/location/location/people_born_here	/m/0g48m4
/m/0337vz	/people/person/profession	/m/01l3vx
/m/02v406	/people/person/profession	/m/0284h6
/m/01hcj2	/people/person/profession	/m/023g6w
/m/01bt59	/people/person/profession	/m/02jknp
/m/030_3z	/people/person/profession	/m/05x2t7
/m/095zvfg	/people/person/profession	/m/0c5vh
/m/0plyy	/people/person/profession	/m/05z96
/m/06924p	/people/person/profession	/m/01d_h8
/m/05lb30	/people/person/profession	/m/04j_gs
/m/04y9dk	/location/location/people_born_here	/m/0f8pz
/m/07f1x	/people/person/profession	/m/0dxtg
/m/03wh8kl	/people/person/profession	/m/0fvxz
/m/0355dz	/people/person/profession	/m/016z4k
/m/02wwsh8	/location/location/people_born_here	/m/09yhzs
/m/0174qm	/people/person/profession	/m/0dxtg
/m/04lgybj	/people/person/profession	/m/0kyk
/m/010y34	/people/person/profession	/m/02hrh1q
/m/02qx5h	/location/location/people_born_here	/m/013pk3
/m/043qqt5	/people/person/profession	/m/0dxtg
/m/01nhhz	/people/person/profession	/m/02hrh1q
/m/02756j	/people/person/profession	/m/051y1hd
/m/019fh	/location/location/people_born_here	/m/0lcd
/m/02j62	/people/person/profession	/m/02hrh1q
/m/01k53x	/people/person/profession	/m/018gz8
/m/034rd9	/people/person/profession	/m/09jwl
/m/030pr	/people/person/profession	/m/01hnp
/m/03mgbf	/people/person/profession	/m/02krf9
/m/01ygr_	/people/person/profession	/m/0d1pc
/m/0963mq	/sports/pro_athlete/sports_played_professionally./sports/pro_sports_played/sport	/m/018jz
/m/09xvf7	/people/person/profession	/m/047gpsd
/m/0280mv7	/people/person/profession	/m/01qf54
/m/037ls6	/people/person/profession	/m/0dxtg
/m/031x_3	/people/person/profession	/m/0k4j
/m/059j4x	/people/person/profession	/m/03y0pn
/m/0htcn	/people/person/profession	/m/015fsv
/m/0478__m	/people/person/profession	/m/016lj_
/m/03w1lf	/people/person/profession	/m/039v1
/m/0yfp	/people/person/profession	/m/02h758
/m/036hf4	/people/person/profession	/m/0np9r
/m/051wwp	/people/person/profession	/m/02qplj3
/m/01vw37m	/people/person/profession	/m/02hrh1q
/m/049qx	/people/person/profession	/m/0mzg2
/m/01wz01	/people/person/profession	/m/0n1h
/m/01bcq	/people/person/profession	/m/01vrz41
/m/029d_	/location/location/people_born_here	/m/0935jw
/m/01664_	/people/person/profession	/m/02jknp
/m/05dtsb	/people/person/profession	/m/01vswwx
/m/01nnsv	/people/person/profession	/m/0d1pc
/m/06rfy5	/location/location/people_born_here	/m/023jq1
/m/09g0h	/people/person/profession	/m/0by17xn
/m/06p0s1	/people/person/profession	/m/022yb4
/m/0gbtbm	/location/location/people_born_here	/m/073w14
/m/04bbv7	/people/person/profession	/m/0mnrb
/m/0k3l5	/people/person/profession	/m/0kyk
/m/02hkv5	/people/person/profession	/m/01sv6k
/m/0d7wh	/location/location/people_born_here	/m/03jxw
/m/0ngg	/people/person/profession	/m/026v1z
/m/0psxp	/location/location/people_born_here	/m/0287477
/m/0683n	/people/person/profession	/m/0163t3
/m/04zhd	/people/person/profession	/m/05z96
/m/04l3_z	/people/person/profession	/m/03yj_0n
/m/02mc79	/people/person/profession	/m/08mg_b
/m/01jr6	/location/location/people_born_here	/m/02kmx6
/m/09f2j	/people/person/profession	/m/01c72t
/m/01ddth	/people/person/profession	/m/018gz8
/m/09qc1	/people/person/profession	/m/0fvwg
/m/0ftxw	/location/location/people_born_here	/m/01bcwk
/m/09gffmz	/people/person/profession	/m/02qhlwd
/m/01qvz8	/sports/sport/pro_athletes./sports/pro_sports_played/athlete	/m/0f2zc
/m/017y26	/people/person/profession	/m/02hrh1q
/m/01v9b1	/people/person/profession	/m/018gz8
/m/01lfy	/location/location/people_born_here	/m/01qtj9
/m/01_d4	/location/location/people_born_here	/m/019fz
/m/02sddg	/location/location/people_born_here	/m/03f0vvr
/m/0grrq8	/people/person/profession	/m/0f4y_
/m/0h99n	/people/person/profession	/m/02hrh1q
/m/03_d0	/people/person/profession	/m/02jknp
/m/05f5sr9	/people/person/profession	/m/012t_z
/m/018x0q	/location/location/people_born_here	/m/0chghy
/m/0c408_	/people/person/profession	/m/05ys0wz
/m/01pcbg	/people/person/profession	/m/09jwl
/m/0379s	/people/person/profession	/m/01d_h8
/m/01jb26	/people/person/profession	/m/03gjzk
/m/03n3gl	/people/person/profession	/m/03gjzk
/m/01m3x5p	/location/location/people_born_here	/m/01w20rx
/m/0gn30	/people/person/profession	/m/03z9585
/m/03j1p2n	/people/person/profession	/m/01kd57
/m/02vx4	/sports/sport/pro_athletes./sports/pro_sports_played/athlete	/m/02d49z
/m/01kyvx	/people/person/profession	/m/09jwl
/m/0fd3y	/people/person/profession	/m/02hrh1q
/m/09v8clw	/location/location/people_born_here	/m/0jsw9l
/m/01hb6v	/people/person/profession	/m/015h31
/m/0840vq	/people/person/profession	/m/05t4q
/m/012wvj	/people/person/profession	/m/02hrh1q
/m/06b_0	/people/person/profession	/m/013_vh
/m/03m6_z	/people/person/profession	/m/01zh29
/m/016lv3	/people/person/profession	/m/06hgym
/m/0ff2k	/people/person/profession	/m/01lxw6
/m/01qm7	/people/person/profession	/m/02hrh1q
/m/02gyl0	/people/person/profession	/m/04lqvly
/m/0n1h	/people/person/profession	/m/0cbd2
/m/0r1yc	/people/person/profession	/m/02hrh1q
/m/0fhxv	/people/person/profession	/m/0g5qs2k
/m/0gs5q	/people/person/profession	/m/07sqbl
/m/0lzb8	/people/person/profession	/m/0gmf0nj
/m/03kcyd	/people/person/profession	/m/02607j
/m/099jhq	/location/location/people_born_here	/m/03h_fqv
/m/01wgcvn	/people/person/profession	/m/08r4x3
/m/01b3bp	/people/person/profession	/m/0gp9mp
/m/0tzls	/people/person/profession	/m/0nbcg
/m/01vhb0	/people/person/profession	/m/05nqq3
/m/0ds35l9	/location/location/people_born_here	/m/01d494
/m/08c4yn	/people/person/profession	/m/01d_h8
/m/0cdbq	/people/person/profession	/m/07lqg0
/m/0c82s	/people/person/profession	/m/02hrh1q
/m/0jz71	/sports/pro_athlete/sports_played_professionally./sports/pro_sports_played/sport	/m/0jm_
/m/0l14_3	/people/person/profession	/m/02jknp
/m/02ck7w	/people/person/profession	/m/02hrh1q
/m/0cr3d	/location/location/people_born_here	/m/01trhmt
/m/050z2	/people/person/profession	/m/0123_x
/m/0137g1	/people/person/profession	/m/0tc7
/m/016wrq	/people/person/profession	/m/02hrh1q
/m/01wd02c	/people/person/profession	/m/012wxt
/m/01n7q	/people/person/profession	/m/0np9r
/m/0mnyn	/people/person/profession	/m/0dxtg
/m/01yk13	/people/person/profession	/m/0ck6r
/m/03gvsvn	/people/person/profession	/m/01d_h8
/m/01kwsg	/people/person/profession	/m/07gyv
/m/047951	/people/person/profession	/m/0nbcg
/m/0b05xm	/people/person/profession	/m/01q_ks
/m/0f1vrl	/people/person/profession	/m/0b_7k
/m/082sy9	/people/person/profession	/m/03gjzk
/m/017g21	/people/person/profession	/m/02yy9r
/m/025cbm	/people/person/profession	/m/02hrh1q
/m/035tlh	/people/person/profession	/m/09jwl
/m/09hd6f	/people/person/profession	/m/01g23m
/m/02cm61	/people/person/profession	/m/01c8w0
/m/09zmys	/people/person/profession	/m/04088s0
/m/02rn_bj	/people/person/profession	/m/018gz8
/m/01fszq	/people/person/profession	/m/0nbcg
/m/0f4_l	/sports/sport/pro_athletes./sports/pro_sports_played/athlete	/m/0gtgp6
/m/08tyb_	/people/person/profession	/m/0dxtg
/m/02l3_5	/people/person/profession	/m/01dbns
/m/063_t	/people/person/profession	/m/011_3s
/m/0f__1	/location/location/people_born_here	/m/070yc
/m/04jpl	/location/location/people_born_here	/m/0k269
/m/04j_gs	/people/person/profession	/m/02hrh1q
/m/028qdb	/people/person/profession	/m/05zkcn5
/m/0bbm7r	/people/person/profession	/m/01c72t
/m/0gp_x9	/people/person/profession	/m/015g7
/m/01pbxb	/people/person/profession	/m/01lbcqx
/m/0p__8	/people/person/profession	/m/08lb68
/m/013bd1	/people/person/profession	/m/0dz3r
/m/0d3f83	/people/person/profession	/m/0psxp
/m/01vv126	/people/person/profession	/m/0kyk
/m/0336mc	/people/person/profession	/m/02hrh1q
/m/0ltv	/sports/sport/pro_athletes./sports/pro_sports_played/athlete	/m/025rxky
/m/0fbdb	/location/location/people_born_here	/m/0dszr0
/m/0c7g7	/people/person/profession	/m/0kyk
/m/0ql36	/people/person/profession	/m/04n7njg
/m/0crfwmx	/people/person/profession	/m/0d1pc
/m/05vk_d	/people/person/profession	/m/041288
/m/03bdv	/people/person/profession	/m/0kyk
/m/02vqsll	/people/person/profession	/m/0dz3r
/m/06hf0n	/people/person/profession	/m/0dxtg
/m/025vldk	/people/person/profession	/m/02r1ysd
/m/03j63k	/people/person/profession	/m/01d_h8
/m/01n7rc	/location/location/people_born_here	/m/02wvfxl
/m/065z3_x	/people/person/profession	/m/02tx6q
/m/02bqvs	/location/location/people_born_here	/m/03mcwq3
/m/033p3_	/people/person/profession	/m/01d_h8
/m/01vng3b	/people/person/profession	/m/0cbd2
/m/0qpqn	/location/location/people_born_here	/m/0zjpz
/m/01pb34	/music/genre/albums	/m/02f6g5
/m/02c638	/location/location/people_born_here	/m/02x8kk
/m/0n920	/people/person/profession	/m/02hrh1q
/m/0jrg	/location/location/people_born_here	/m/0738b8
/m/0ccvx	/location/location/people_born_here	/m/0mwzv
/m/04l3_z	/people/person/profession	/m/0l2jb
/m/0gz5hs	/people/person/profession	/m/0148nj
/m/04b_jc	/people/person/profession	/m/02hrh1q
/m/01trhmt	/people/person/profession	/m/02lfcm
/m/0dm00	/location/location/people_born_here	/m/083q7
/m/02qnhk1	/people/person/profession	/m/02ylg6
/m/02p4l6s	/people/person/profession	/m/0kyk
/m/0symg	/people/person/profession	/m/02hv44_
/m/02wrhj	/people/person/profession	/m/032w8h
/m/0356lc	/location/location/people_born_here	/m/058frd
/m/01t110	/people/person/profession	/m/04zn7g
/m/0mwsh	/people/person/profession	/m/02hrh1q
/m/01z26v	/location/location/people_born_here	/m/02681xs
/m/0z1vw	/people/person/profession	/m/02jknp
/m/0c1ps1	/people/person/profession	/m/016nvh
/m/049_zz	/location/location/people_born_here	/m/018swb
/m/01vfqh	/people/person/profession	/m/02pjxr
/m/03n3gl	/people/person/profession	/m/07s467s
/m/02pb53	/people/person/profession	/m/02ky346
/m/05mvd62	/people/person/profession	/m/02hrh1q
/m/02g8h	/people/person/profession	/m/03kwtb
/m/0m123	/people/person/profession	/m/018gz8
/m/086m1	/people/person/profession	/m/018gz8
/m/01j5ql	/people/person/profession	/m/018gz8
/m/01c9f2	/people/person/profession	/m/089fss
/m/0pb33	/people/person/profession	/m/01d_h8
/m/071jrc	/people/person/profession	/m/01d_h8
/m/0xrz2	/location/location/people_born_here	/m/034rd9
/m/020y73	/people/person/profession	/m/018gz8
/m/01z9_x	/people/person/profession	/m/0cbd2
/m/01svq8	/people/person/profession	/m/01znc_
/m/01svq8	/people/person/profession	/m/08vxk5
/m/01xcr4	/people/person/profession	/m/02hrh1q
/m/06gjk9	/people/person/profession	/m/02jknp
/m/058m5m4	/people/person/profession	/m/05z96
/m/043q4d	/people/person/profession	/m/02jknp
/m/03kq98	/people/person/profession	/m/09jwl
/m/0cc56	/location/location/people_born_here	/m/01twdk
/m/0b256b	/people/person/profession	/m/0kyk
/m/0197tq	/people/person/profession	/m/064xm0
/m/07_s4b	/people/person/profession	/m/016wtf
/m/02p7pxx	/people/person/profession	/m/09lbv
/m/0djvzd	/people/person/profession	/m/02mz_6
/m/05mcjs	/people/person/profession	/m/02hrh1q
/m/0dgw9r	/biology/organism_classification/rank	/m/0fz3b1
/m/02_286	/location/location/people_born_here	/m/09hzc
/m/0mbs8	/people/person/profession	/m/01d_h8
/m/02b25y	/people/person/profession	/m/0bz3jx
/m/02897w	/people/person/profession	/m/0dxtg
/m/0147jt	/people/person/profession	/m/056zdj
/m/03v_5	/people/person/profession	/m/09jwl
/m/054fvj	/people/person/profession	/m/02jknp
/m/04cygb3	/people/person/profession	/m/09jwl
/m/02pt27	/people/person/profession	/m/014gf8
/m/04n65n	/people/person/profession	/m/08t9df
/m/01t265	/people/person/profession	/m/02s2ft
/m/08lfyn	/people/person/profession	/m/09jwl
/m/049g_xj	/people/person/profession	/m/01lvd0
/m/0nbrp	/location/location/people_born_here	/m/02q_cc
/m/0txhf	/people/person/profession	/m/016z4k
/m/04hvw	/people/person/profession	/m/0kyk
/m/011w20	/people/person/profession	/m/0202wk
/m/04njml	/people/person/profession	/m/02krf9
/m/0f__1	/people/person/profession	/m/01c72t
/m/0250f	/people/person/profession	/m/06y0xx
/m/02yvct	/people/person/profession	/m/02jknp
/m/01mfj	/location/location/people_born_here	/m/03hmr_
/m/0_vn7	/people/person/profession	/m/0d8qb
/m/01t265	/sports/pro_athlete/sports_played_professionally./sports/pro_sports_played/sport	/m/01cgz
/m/06151l	/people/person/profession	/m/01_3rn
/m/01p87y	/people/person/profession	/m/016z4k
/m/0cbd2	/people/person/profession	/m/02hrh1q
/m/08kp57	/people/person/profession	/m/01c8w0
/m/0n2k5	/people/person/profession	/m/01d_h8
/m/072twv	/people/person/profession	/m/028kk_
/m/0mj1l	/people/person/profession	/m/0cbd2
/m/03z1c5	/people/person/profession	/m/02hrh1q
/m/0cz_ym	/people/person/profession	/m/0dxtg
/m/01tfck	/people/person/profession	/m/06yrj6
/m/07qcbw	/people/person/profession	/m/01c72t
/m/04cf09	/people/person/profession	/m/01vvyfh
/m/04pz5c	/people/person/profession	/m/01my_c
/m/018ty9	/people/person/profession	/m/0fwdr
/m/0rd5k	/people/person/profession	/m/0dxtg
/m/03c17w7	/location/location/people_born_here	/m/04zqmj
/m/03q1vd	/people/person/profession	/m/025569
/m/0209hj	/people/person/profession	/m/0np9r
/m/0bt23	/people/person/profession	/m/02hrh1q
/m/071dcs	/people/person/profession	/m/0yw93
/m/01738w	/people/person/profession	/m/0np9r
/m/0bksh	/people/person/profession	/m/02jknp
/m/044ptm	/people/person/profession	/m/09jwl
/m/067ghz	/people/person/profession	/m/0nbcg
/m/01vw20h	/people/person/profession	/m/01z0rcq
/m/01s1zk	/people/person/profession	/m/01slc
/m/0d6lp	/location/location/people_born_here	/m/03nfmq
/m/05ksh	/location/location/people_born_here	/m/01z9j2
/m/078jt5	/people/person/profession	/m/0195fx
/m/0ksf29	/people/person/profession	/m/017l4
/m/094xh	/people/person/profession	/m/0163kf
/m/026c1	/people/person/profession	/m/0dwly
/m/04xjp	/people/person/profession	/m/01yznp
/m/03s2dj	/people/person/profession	/m/0196pc
/m/01mskc3	/people/person/profession	/m/01d_h8
/m/0bjv6	/people/person/profession	/m/02hrh1q
/m/099d4	/people/person/profession	/m/0453t
/m/0n2g	/people/person/profession	/m/09j9h
/m/0j_c	/people/person/profession	/m/01nqfh_
/m/01m65sp	/people/person/profession	/m/01swmr
/m/04l57x	/people/person/profession	/m/02hrh1q
/m/07w42	/people/person/profession	/m/02hrh1q
/m/01wc7p	/people/person/profession	/m/0q04f
/m/02t_h3	/people/person/profession	/m/0kyk
/m/07xvf	/people/person/profession	/m/02hrh1q
/m/0281rp	/location/location/people_born_here	/m/03xmy1
/m/0ky0b	/people/person/profession	/m/0q04f
/m/0xn7q	/location/location/people_born_here	/m/019vhk
/m/02sg4b	/people/person/profession	/m/0dgd_
/m/0b_ljy	/people/person/profession	/m/01d_h8
/m/013f9v	/people/person/profession	/m/0d1pc
/m/025cn2	/people/person/profession	/m/01c72t
/m/0bvzp	/people/person/profession	/m/065zlr
/m/0fx02	/people/person/profession	/m/0432_5
/m/0978r	/people/person/profession	/m/0dz3r
/m/02y49	/people/person/profession	/m/0f7h2v
/m/012w3	/people/person/profession	/m/0dxtg
/m/024dzn	/people/person/profession	/m/02hrh1q
/m/0gr51	/people/person/profession	/m/026sdt1
/m/02784z	/people/person/profession	/m/031n8c
/m/0147jt	/people/person/profession	/m/09jwl
/m/0jqb8	/people/person/profession	/m/02jknp
/m/01z7s_	/people/person/profession	/m/01xbld
/m/0187y5	/people/person/profession	/m/02qgqt
/m/0ff2k	/people/person/profession	/m/04zngls
/m/011wtv	/people/person/profession	/m/0dxtg
/m/02sjp	/people/person/profession	/m/01vrnsk
/m/07mkj0	/people/person/profession	/m/0d2b38
/m/01bk1y	/people/person/profession	/m/02hrh1q
/m/01645p	/people/person/profession	/m/0d1pc
/m/02x8z_	/people/person/profession	/m/01wrwf
/m/086nl7	/people/person/profession	/m/02jknp
/m/01wsl7c	/people/person/profession	/m/029b9k
/m/09g0h	/people/person/profession	/m/07m69t
/m/0ytph	/location/location/people_born_here	/m/02bj22
/m/07_w1l	/people/person/profession	/m/03gjzk
/m/04zkj5	/people/person/profession	/m/04mx__
/m/011vx3	/people/person/profession	/m/0gl2ny2
/m/0mlxt	/people/person/profession	/m/0fj9f
/m/01bpc9	/people/person/profession	/m/013h9
/m/0p9gg	/people/person/profession	/m/02hrh1q
/m/0jjy0	/people/person/profession	/m/02hrh1q
/m/081hvm	/people/person/profession	/m/0fs29
/m/01vvycq	/people/person/profession	/m/0gv07g
/m/0b5x23	/people/person/profession	/m/05g9h
/m/01vw20h	/people/person/profession	/m/07fq1y
/m/04mp8g	/people/person/profession	/m/01d_h8
/m/01wb8bs	/people/person/profession	/m/01gjlw
/m/04mx7s	/people/person/profession	/m/02hrh1q
/m/02qny_	/location/location/people_born_here	/m/0633p0
/m/02jx1	/location/location/people_born_here	/m/05whq_9
/m/0329nn	/music/genre/albums	/m/01q2nx
/m/04vmp	/people/person/profession	/m/0dxtg
/m/099c8n	/people/person/profession	/m/0d1pc
/m/01797x	/people/person/profession	/m/01b85
/m/016z5x	/location/location/people_born_here	/m/01k56k
/m/0g6ff	/people/person/profession	/m/03gjzk
/m/01g1lp	/people/person/profession	/m/0k__z
/m/02661h	/people/person/profession	/m/0yx74
/m/030qb3t	/location/location/people_born_here	/m/06x76
/m/05fyy5	/people/person/profession	/m/0cbd2
/m/0f4l5	/people/person/profession	/m/01c72t
/m/0k2cb	/people/person/profession	/m/04gc2
/m/049yf	/people/person/profession	/m/05vyk
/m/02lf0c	/people/person/profession	/m/09949m
/m/0lx2l	/people/person/profession	/m/0464pz
/m/03bnv	/people/person/profession	/m/02xp18
/m/0252fh	/people/person/profession	/m/02hrh1q
/m/012g92	/people/person/profession	/m/0hhjk
/m/04_lb	/people/person/profession	/m/01d_h8
/m/05w88j	/people/person/profession	/m/03ys2f
/m/0cp9f9	/people/person/profession	/m/028cg00
/m/0d8h4	/people/person/profession	/m/02hrh1q
/m/077yk0	/people/person/profession	/m/03gjzk
/m/02jg92	/people/person/profession	/m/053tj7
/m/03wjb7	/people/person/profession	/m/02hrh1q
/m/0j0pf	/people/person/profession	/m/06n3y
/m/021lby	/location/location/people_born_here	/m/0525b
/m/0nh0f	/people/person/profession	/m/02hrh1q
/m/01323p	/people/person/profession	/m/0np9r
/m/0h52w	/location/location/people_born_here	/m/06lgq8
/m/087qxp	/people/person/profession	/m/09p06
/m/01vrt_c	/people/person/profession	/m/0m5pn
/m/04mz10g	/people/person/profession	/m/02jknp
/m/02p7xc	/people/person/profession	/m/01yndb
/m/04cw0n4	/people/person/profession	/m/01ljpm
/m/01wj92r	/people/person/profession	/m/025n3p
/m/0gjc4d3	/people/person/profession	/m/0nbcg
/m/0947l	/location/location/people_born_here	/m/01n8gr
/m/05q9g1	/people/person/profession	/m/0fgg4
/m/0425kh	/people/person/profession	/m/02hrh1q
/m/05ldnp	/people/person/profession	/m/03qcfvw
/m/0d0mbj	/people/person/profession	/m/0nv99
/m/02cft	/location/location/people_born_here	/m/0bjy7
/m/01r4zfk	/people/person/profession	/m/03fmfs
/m/09swkk	/people/person/profession	/m/02b171
/m/04tnqn	/people/person/profession	/m/016017
/m/09qh1	/people/person/profession	/m/060m4
/m/017gxw	/location/location/people_born_here	/m/01n9d9
/m/03bxsw	/people/person/profession	/m/0dxtg
/m/0581vn8	/location/location/people_born_here	/m/01w02sy
/m/03pmzt	/people/person/profession	/m/0q1lp
/m/02g2yr	/people/person/profession	/m/02hrh1q
/m/0lzcs	/people/person/profession	/m/0dxtg
/m/0rh6k	/location/location/people_born_here	/m/01309x
/m/02tvsn	/people/person/profession	/m/018gz8
/m/0193fp	/people/person/profession	/m/0dxtg
/m/0qmpd	/people/person/profession	/m/0dz3r
/m/070j61	/people/person/profession	/m/0yx_w
/m/0b9l3x	/people/person/profession	/m/0wh3
/m/02vyw	/people/person/profession	/m/0jcx1
/m/016ks_	/location/location/people_born_here	/m/0cgzj
/m/0g8g6	/people/person/profession	/m/0196pc
/m/0ckm4x	/people/person/profession	/m/03l6bs
/m/011w54	/people/person/profession	/m/05z96
/m/06wxw	/location/location/people_born_here	/m/02s6tk
/m/06d5cc	/people/person/profession	/m/039v1
/m/030qb3t	/location/location/people_born_here	/m/055yr
/m/030qb3t	/location/location/people_born_here	/m/02kxwk
/m/04xhwn	/people/person/profession	/m/01p5_g
/m/03q45x	/people/person/profession	/m/06cn5
/m/014_24	/people/person/profession	/m/02hrh1q
/m/0qkj7	/people/person/profession	/m/01bzr4
/m/01ydzx	/people/person/profession	/m/014pg1
/m/06y9c2	/people/person/profession	/m/05mlqj
/m/09b69	/people/person/profession	/m/02hv44_
/m/01pbwwl	/people/person/profession	/m/09jwl
/m/0hcvy	/people/person/profession	/m/0jvq
/m/01pk3z	/people/person/profession	/m/01pq5j7
/m/0488g9	/people/person/profession	/m/0214m4
/m/01dbgw	/people/person/profession	/m/017znw
/m/0190zg	/people/person/profession	/m/02hrh1q
/m/03ll3	/people/person/profession	/m/0nbcg
/m/01rmnp	/people/person/profession	/m/02b5_l
/m/04hw4b	/people/person/profession	/m/014dq7
/m/0chhs	/people/person/profession	/m/02hrh1q
/m/0cnk2q	/people/person/profession	/m/09jwl
/m/014g91	/people/person/profession	/m/0hyyq
/m/01nzz8	/people/person/profession	/m/0cbd2
/m/0ntxg	/people/person/profession	/m/09jwl
/m/0bkf72	/location/location/people_born_here	/m/04cy8rb
/m/01h4rj	/people/person/profession	/m/06b_0
/m/02gjrc	/location/location/people_born_here	/m/03hfxx
/m/07ghq	/people/person/profession	/m/03gjzk
/m/02nf2c	/people/person/profession	/m/01c72t
/m/02rhwjr	/people/person/profession	/m/02hrh1q
/m/044gyq	/people/person/profession	/m/01jz6x
/m/015196	/people/person/profession	/m/05bm4sm
/m/01r42_g	/location/location/people_born_here	/m/01x0sy
/m/01lcxbb	/people/person/profession	/m/04hzfz
/m/0b3wk	/people/person/profession	/m/01d_h8
/m/0jvtp	/people/person/profession	/m/0291ck
/m/0ftqr	/people/person/profession	/m/06hsk
/m/0bkbz	/people/person/profession	/m/01___w
/m/06y9v	/location/location/people_born_here	/m/01lqf49
/m/02x1dht	/people/person/profession	/m/03sbb
/m/029k55	/people/person/profession	/m/0bmj2y
/m/0mp08	/people/person/profession	/m/01c72t
/m/01l3vx	/location/location/people_born_here	/m/02r34n
/m/0cbxl0	/location/location/people_born_here	/m/05sj55
/m/07_kq	/people/person/profession	/m/0d8qb
/m/01dq5z	/location/location/people_born_here	/m/034zc0
/m/04vmqg	/people/person/profession	/m/02hrh1q
/m/05pd94v	/people/person/profession	/m/0np9r
/m/02yygk	/people/person/profession	/m/02yv_b
/m/0jpdn	/people/person/profession	/m/03yxwq
/m/0jrqq	/people/person/profession	/m/0q59y
/m/0315q3	/location/location/people_born_here	/m/01qklj
/m/050g1v	/location/location/people_born_here	/m/0ly5n
/m/08l_c1	/people/person/profession	/m/0kyk
/m/045cq	/people/person/profession	/m/04v09
/m/0lk90	/people/person/profession	/m/07bbc
/m/01tszq	/people/person/profession	/m/0dz3r
/m/013w7j	/people/person/profession	/m/05ggt_
/m/01p8r8	/people/person/profession	/m/053fc5
/m/07sp4l	/people/person/profession	/m/02jknp
/m/027pwl	/people/person/profession	/m/039v1
/m/01jqr_5	/people/person/profession	/m/0cv1w
/m/06j8q_	/people/person/profession	/m/04vn_k
/m/0t_hx	/people/person/profession	/m/02hrh1q
/m/02vnb_	/people/person/profession	/m/01c72t
/m/05sw5b	/location/location/people_born_here	/m/06c44
/m/028_yv	/music/album/genre	/m/06s7rd
/m/01tt43d	/people/person/profession	/m/024y6w
/m/04zkj5	/people/person/profession	/m/0cbd2
/m/01yfm8	/people/person/profession	/m/01ttg5
/m/0dn8b	/location/location/people_born_here	/m/024dw0
/m/0h953	/people/person/profession	/m/02jx1
/m/01nl79	/location/location/people_born_here	/m/02vkvcz
/m/0661m4p	/people/person/profession	/m/0dxtg
/m/06myp	/people/person/profession	/m/06srk
/m/01v9b1	/biology/organism_classification_rank/organism_classifications	/m/07j87
/m/07x21	/people/person/profession	/m/029bkp
/m/0261g5l	/people/person/profession	/m/0dxtg
/m/0p51w	/people/person/profession	/m/0dzbl
/m/07zqy	/sports/pro_athlete/sports_played_professionally./sports/pro_sports_played/sport	/m/0jm_
/m/080dyk	/people/person/profession	/m/012t_z
/m/026670	/people/person/profession	/m/050kh5
/m/036hv	/people/person/profession	/m/016z4k
/m/02z6gky	/location/location/people_born_here	/m/06lhbl
/m/0h96g	/people/person/profession	/m/0dxtg
/m/0199gx	/people/person/profession	/m/01d_h8
/m/0d4fqn	/people/person/profession	/m/0kj0
/m/0qxzd	/people/person/profession	/m/0dxtg
/m/01km6_	/people/person/profession	/m/018gz8
/m/059rby	/location/location/people_born_here	/m/01jfrg
/m/02k21g	/people/person/profession	/m/09jwl
/m/01wrwf	/people/person/profession	/m/02jknp
/m/0kc6	/people/person/profession	/m/018ckn
/m/025twgt	/people/person/profession	/m/025352
/m/01b3bp	/people/person/profession	/m/0372p
/m/0k4f3	/people/person/profession	/m/0nbcg
/m/08x5c_	/people/person/profession	/m/02hrh1q
/m/09lhln	/sports/pro_athlete/sports_played_professionally./sports/pro_sports_played/sport	/m/09t4hh
/m/06j0md	/people/person/profession	/m/0z05l
/m/02465	/people/person/profession	/m/0fxyd
/m/039b7_	/people/person/profession	/m/02krf9
/m/0hzlz	/people/person/profession	/m/02hrh1q
/m/01ry0f	/people/person/profession	/m/01x96
/m/026l37	/people/person/profession	/m/01mbwlb
/m/06fz_	/people/person/profession	/m/09jwl
/m/02_286	/location/location/people_born_here	/m/018zqj
/m/02_286	/location/location/people_born_here	/m/02cg41
/m/01pgk0	/people/person/profession	/m/02g1px
/m/05fnl9	/people/person/profession	/m/04gcyg
/m/03l2n	/location/location/people_born_here	/m/06x58
/m/0c921	/people/person/profession	/m/01w20rx
/m/029_3	/people/person/profession	/m/019lvv
/m/0fhmy	/people/person/profession	/m/03gjzk
/m/015pkc	/people/person/profession	/m/05lls
/m/0fpj9pm	/people/person/profession	/m/0q9t7
/m/026hh0m	/people/person/profession	/m/02jknp
/m/02hxc3j	/people/person/profession	/m/01d_h8
/m/0k33p	/location/location/people_born_here	/m/01c9x
/m/016_mj	/people/person/profession	/m/01z88t
/m/02jztz	/location/location/people_born_here	/m/015_30
/m/05_5rjx	/people/person/profession	/m/0n1h
/m/02g982	/location/location/people_born_here	/m/09pl3f
/m/0347db	/people/person/profession	/m/0dxtg
/m/01fxfk	/people/person/profession	/m/0jfx
/m/0872p_c	/tv/tv_series_episode/series	/m/02ryvsw
/m/0cc56	/location/location/people_born_here	/m/01vzx45
/m/045r_9	/people/person/profession	/m/0dxtg
/m/0f6_dy	/people/person/profession	/m/0tn9j
/m/0m2cb	/cvg/computer_videogame/cvg_genre	/m/07yqn
/m/059fjj	/people/person/profession	/m/03bpn6
/m/07r4c	/people/person/profession	/m/018gz8
/m/01q9b9	/people/person/profession	/m/0165v
/m/03s9v	/people/person/profession	/m/01th4s
/m/035sc2	/people/person/profession	/m/024tj
/m/03c7twt	/people/person/profession	/m/02hrh1q
/m/05d7rk	/people/person/profession	/m/01c72t
/m/0k269	/people/person/profession	/m/01h0kx
/m/03jldb	/people/person/profession	/m/022b_
/m/03ym1	/people/person/profession	/m/02bv9
/m/0739z6	/people/person/profession	/m/0l14jd
/m/0rjg8	/people/person/profession	/m/0cbd2
/m/0978r	/location/location/people_born_here	/m/02jmst
/m/047s_cr	/people/person/profession	/m/02pv_d
/m/0xsk8	/people/person/profession	/m/09v42sf
/m/01l4g5	/people/person/profession	/m/07s467s
/m/03gqdq7	/people/person/profession	/m/04f2zj
/m/07kb5	/people/person/profession	/m/02q_x_l
/m/09t9m2	/location/location/people_born_here	/m/015rmq
/m/046lt	/location/location/people_born_here	/m/0dx_q
/m/01w1w9	/people/person/profession	/m/0nbcg
/m/01ps2h8	/people/person/profession	/m/096f8
/m/0g5llry	/people/person/profession	/m/09zzb8
/m/06hwzy	/people/person/profession	/m/0cbd2
/m/018gqj	/people/person/profession	/m/01kr6k
/m/02j490	/people/person/profession	/m/0gcf2r
/m/0b_7k	/people/person/profession	/m/03ywyk
/m/01w20rx	/people/person/profession	/m/01d_h8
/m/0n6c_	/people/person/profession	/m/02hrh1q
/m/0sydc	/people/person/profession	/m/09jwl
/m/02z2lj	/people/person/profession	/m/018gz8
/m/0rmwd	/people/person/profession	/m/0kyk
/m/023n39	/people/person/profession	/m/0cq8nx
/m/03f1zdw	/people/person/profession	/m/06g7c
/m/02_286	/location/location/people_born_here	/m/041td_
/m/07q1v4	/location/location/people_born_here	/m/0jrny
/m/01bbwp	/people/person/profession	/m/0147dk
/m/0z05l	/people/person/profession	/m/09jwl
/m/043zg	/people/person/profession	/m/01bcwk
/m/0nm6z	/people/person/profession	/m/02hrh1q
/m/01vw37m	/people/person/profession	/m/0sxgh
/m/020mfr	/location/location/people_born_here	/m/0127m7
/m/01hn_t	/people/person/profession	/m/02hrh1q
/m/01w0yrc	/people/person/profession	/m/01gtc0
/m/01_k0d	/people/person/profession	/m/014dd0
/m/018qd6	/people/person/profession	/m/02hrh1q
/m/024jwt	/people/person/profession	/m/0g5y6
/m/01v3s2_	/people/person/profession	/m/03td5v
/m/0kv2hv	/people/person/profession	/m/03gjzk
/m/0f4y_	/people/person/profession	/m/089fss
/m/09p3h7	/people/person/profession	/m/02hrh1q
/m/099p5	/location/location/people_born_here	/m/0l6wj
/m/08cyft	/people/person/profession	/m/02krf9
/m/0261g5l	/people/person/profession	/m/02hrh1q
/m/01wdcxk	/people/person/profession	/m/06q6jz
/m/03ynwqj	/people/person/profession	/m/09jwl
/m/0f2wj	/location/location/people_born_here	/m/02h7s73
/m/03w9sgh	/people/person/profession	/m/0h6rm
/m/0l6qt	/people/person/profession	/m/0276bn
/m/012k_9	/people/person/profession	/m/01d_h8
/m/02ryz24	/people/person/profession	/m/018gz8
/m/0dky9n	/biology/organism_classification/rank	/m/0fl35
/m/016bx2	/people/person/profession	/m/045gzq
/m/01hkhq	/people/person/profession	/m/0fvzz
/m/0r5wt	/people/person/profession	/m/0cbd2
/m/04135	/people/person/profession	/m/07q3s
/m/064p92m	/people/person/profession	/m/02lg3y
/m/03zqc1	/people/person/profession	/m/01kj0p
/m/01vrnsk	/people/person/profession	/m/0jnb0
/m/03_nq	/people/person/profession	/m/0161sp
/m/0q4mn	/people/person/profession	/m/01d_h8
/m/025s0zp	/people/person/profession	/m/02hrh1q
/m/065d1h	/people/person/profession	/m/01pv51
/m/07l5z	/location/location/people_born_here	/m/01t30j
/m/01pctb	/people/person/profession	/m/0g_zyp
/m/03f4xvm	/people/person/profession	/m/01nm8w
/m/03_0p	/people/person/profession	/m/09py7
/m/02qsqmq	/people/person/profession	/m/0dz3r
/m/07gknc	/people/person/profession	/m/03q1vd
/m/069d71	/people/person/profession	/m/0g9z_32
/m/0wp9b	/people/person/profession	/m/03gjzk
/m/0kft	/people/person/profession	/m/0pmp2
/m/0947l	/location/location/people_born_here	/m/0dqytn
/m/02q_cc	/sports/pro_athlete/sports_played_professionally./sports/pro_sports_played/sport	/m/07bs0
/m/0168cl	/people/person/profession	/m/01bgkq
/m/06sff	/location/location/people_born_here	/m/09xrxq
/m/03hj3b3	/people/person/profession	/m/02hrh1q
/m/04s5_s	/people/person/profession	/m/07cc8
/m/04lp8k	/people/person/profession	/m/0fj9f
/m/0b7gr2	/people/person/profession	/m/03c5bz
/m/0j5q3	/people/person/profession	/m/03gjzk
/m/034x61	/people/person/profession	/m/03gjzk
/m/0436zq	/people/person/profession	/m/0l14wj
/m/01vnt4	/people/person/profession	/m/0dz96
/m/0577d	/people/person/profession	/m/05z96
/m/018db8	/location/location/people_born_here	/m/033_1p
/m/03h_fk5	/people/person/profession	/m/02ly_
/m/0h0yt	/people/person/profession	/m/01vrncs
/m/0jnr3	/people/person/profession	/m/01c72t
/m/084kf	/people/person/profession	/m/0dxtg
/m/06b9n	/people/person/profession	/m/02hrh1q
/m/0mm1q	/people/person/profession	/m/032v0v
/m/03xf_m	/location/location/people_born_here	/m/01pcvn
/m/02y0dd	/people/person/profession	/m/0clzr
/m/02s6sh	/people/person/profession	/m/02hrh1q
/m/05qtcv	/people/person/profession	/m/02hrh1q
/m/018db8	/location/location/people_born_here	/m/03kbb8
/m/0fvwz	/location/location/people_born_here	/m/024rbz
/m/02vr7	/people/person/profession	/m/0cpvcd
/m/026zvx7	/people/person/profession	/m/02hrh1q
/m/0hnjt	/people/person/profession	/m/069d68
/m/01_d4	/location/location/people_born_here	/m/036px
/m/01kd57	/people/person/profession	/m/019nnl
/m/0jnl5	/people/person/profession	/m/02hrh1q
/m/084x96	/people/person/profession	/m/025bwc
/m/086qd	/people/person/profession	/m/0dxtg
/m/06kbb6	/people/person/profession	/m/0br2wp
/m/02fvv	/location/location/people_born_here	/m/02fn5r
/m/05sxg2	/people/person/profession	/m/02jknp
/m/01520h	/people/person/profession	/m/047c9l
/m/03fn8k	/people/person/profession	/m/0dxtg
/m/0rydq	/location/location/people_born_here	/m/0fq5j
/m/01vng3b	/people/person/profession	/m/0b9dmk
/m/0b_71r	/location/location/people_born_here	/m/0f5zj6
/m/02wwwv5	/people/person/profession	/m/06hx2
/m/015f7	/people/person/profession	/m/025rzfc
/m/01nqfh_	/people/person/profession	/m/093xh0
/m/03q27t	/people/person/profession	/m/039v1
/m/02rfft	/people/person/profession	/m/0dgd_
/m/04wmvz	/people/person/profession	/m/01d_h8
/m/01xg_w	/sports/pro_athlete/sports_played_professionally./sports/pro_sports_played/sport	/m/07bs0
/m/01ck6h	/people/person/profession	/m/039v1
/m/0pz91	/people/person/profession	/m/016y3j
/m/0b7gxq	/people/person/profession	/m/03v36
/m/02dtg	/location/location/people_born_here	/m/0wq3z
/m/037cm	/people/person/profession	/m/0dxtg
/m/09d5d5	/people/person/profession	/m/03x82v
/m/01t6b4	/people/person/profession	/m/02xpy5
/m/025vw4t	/people/person/profession	/m/0fs54
/m/024tv_	/people/person/profession	/m/018gz8
/m/016sp_	/people/person/profession	/m/0168cl
/m/0nmj	/location/location/people_born_here	/m/02b0_m
/m/016zp5	/location/location/people_born_here	/m/0flpy
/m/0165v	/location/location/people_born_here	/m/03csqj4
/m/01fmz6	/biology/organism_classification/rank	/m/09lc9
/m/016tb7	/people/person/profession	/m/02rlzj
/m/07bs0	/sports/sport/pro_athletes./sports/pro_sports_played/athlete	/m/02p1pl6
/m/04gzd	/location/location/people_born_here	/m/095b70
/m/0dc95	/location/location/people_born_here	/m/099bk
/m/0l5yl	/people/person/profession	/m/0jgld
